,AREA,AREA_TITLE,AREA_TYPE,PRIM_STATE,NAICS,NAICS_TITLE,I_GROUP,OWN_CODE,OCC_CODE,OCC_TITLE,O_GROUP,TOT_EMP,EMP_PRSE,JOBS_1000,LOC_QUOTIENT,PCT_TOTAL,PCT_RPT,H_MEAN,A_MEAN,MEAN_PRSE,H_PCT10,H_PCT25,H_MEDIAN,H_PCT75,H_PCT90,A_PCT10,A_PCT25,A_MEDIAN,A_PCT75,A_PCT90,ANNUAL,HOURLY
213416,10180,"Abilene, TX",4,TX,000000,Cross-industry,cross-industry,1235,00-0000,All Occupations,total,70730,0.1,1000,1,,,22.57,46940,0.4,10.41,13.19,17.7,26.44,37.86,21640,27440,36820,55000,78740,,
213417,10380,"Aguadilla-Isabela, PR",4,PR,000000,Cross-industry,cross-industry,1235,00-0000,All Occupations,total,50190,0,1000,1,,,13.86,28820,2.1,8.5,8.75,9.98,14.31,22.72,17680,18200,20760,29770,47260,,
213418,10420,"Akron, OH",4,OH,000000,Cross-industry,cross-industry,1235,00-0000,All Occupations,total,313280,0,1000,1,,,27.02,56190,0.6,11.74,14.97,21.31,31.41,47.05,24430,31130,44330,65320,97870,,
213419,10500,"Albany, GA",4,GA,000000,Cross-industry,cross-industry,1235,00-0000,All Occupations,total,58610,0,1000,1,,,22.72,47250,0.7,10.14,12.94,17.51,27.49,38.19,21100,26920,36420,57180,79440,,
213420,10540,"Albany, OR",4,OR,000000,Cross-industry,cross-industry,1235,00-0000,All Occupations,total,47020,0.1,1000,1,,,25.8,53670,0.5,14.01,16.56,21.36,29.49,42.61,29140,34440,44420,61330,88620,,
213421,10580,"Albany-Schenectady-Troy, NY",4,NY,000000,Cross-industry,cross-industry,1235,00-0000,All Occupations,total,428460,0,1000,1,,,31.1,64690,0.3,14.39,17.3,24.01,37.98,51.83,29930,35980,49940,78990,107810,,
213422,10740,"Albuquerque, NM",4,NM,000000,Cross-industry,cross-industry,1235,00-0000,All Occupations,total,381260,0,1000,1,,,27.18,56540,0.5,12.18,14.24,19.81,31.19,49.26,25330,29630,41200,64880,102460,,
213423,10780,"Alexandria, LA",4,LA,000000,Cross-industry,cross-industry,1235,00-0000,All Occupations,total,59810,0.1,1000,1,,,21.43,44580,0.8,9.18,12.13,17.35,24.93,36.95,19080,25240,36090,51860,76850,,
213424,10900,"Allentown-Bethlehem-Easton, PA-NJ",4,PA,000000,Cross-industry,cross-industry,1235,00-0000,All Occupations,total,361250,0,1000,1,,,27.37,56930,0.6,12.95,16.05,21.84,31.23,46.36,26940,33380,45430,64960,96430,,
213425,11020,"Altoona, PA",4,PA,000000,Cross-industry,cross-industry,1235,00-0000,All Occupations,total,57060,0,1000,1,,,22.88,47590,0.9,10.62,13.57,18.18,27.02,37.65,22090,28230,37810,56200,78310,,
213426,11100,"Amarillo, TX",4,TX,000000,Cross-industry,cross-industry,1235,00-0000,All Occupations,total,115020,0,1000,1,,,23.15,48160,0.6,10.45,13.42,18.06,28,39.45,21730,27910,37570,58240,82060,,
213427,11180,"Ames, IA",4,IA,000000,Cross-industry,cross-industry,1235,00-0000,All Occupations,total,46060,0,1000,1,,,26.51,55150,0.4,11.69,15,21.99,31.03,46.84,24300,31200,45740,64540,97430,,
213428,11260,"Anchorage, AK",4,AK,000000,Cross-industry,cross-industry,1235,00-0000,All Occupations,total,166890,0,1000,1,,,32.22,67020,0.4,14.23,17.62,24.54,38.99,56.01,29610,36650,51040,81090,116500,,
213429,11460,"Ann Arbor, MI",4,MI,000000,Cross-industry,cross-industry,1235,00-0000,All Occupations,total,211200,0,1000,1,,,31.8,66130,0.5,13,16.39,23.63,37.99,55.75,27040,34090,49150,79030,115970,,
213430,11500,"Anniston-Oxford-Jacksonville, AL",4,AL,000000,Cross-industry,cross-industry,1235,00-0000,All Occupations,total,43670,0,1000,1,,,21.14,43960,0.6,9.79,12.49,17.39,25.4,35.95,20370,25980,36170,52830,74780,,
213431,11540,"Appleton, WI",4,WI,000000,Cross-industry,cross-industry,1235,00-0000,All Occupations,total,120230,0,1000,1,,,26.2,54490,0.5,12.76,16,21.84,30.25,42.71,26550,33280,45440,62910,88840,,
213432,11640,"Arecibo, PR",4,PR,000000,Cross-industry,cross-industry,1235,00-0000,All Occupations,total,31930,0,1000,1,,,13.61,28300,0.9,8.5,8.87,10.5,14.6,21.86,17680,18460,21840,30360,45470,,
213433,11700,"Asheville, NC",4,NC,000000,Cross-industry,cross-industry,1235,00-0000,All Occupations,total,196280,0,1000,1,,,24.25,50450,0.7,10.97,14.04,18.47,27.62,39.84,22810,29210,38420,57460,82870,,
213434,12020,"Athens-Clarke County, GA",4,GA,000000,Cross-industry,cross-industry,1235,00-0000,All Occupations,total,87420,0,1000,1,,,24.88,51740,0.4,10.52,13.78,19.08,30.12,41.22,21880,28660,39690,62660,85740,,
213435,12060,"Atlanta-Sandy Springs-Roswell, GA",4,GA,000000,Cross-industry,cross-industry,1235,00-0000,All Occupations,total,2727620,0,1000,1,,,30.37,63180,0.5,11.62,15.22,22.45,36.73,58.66,24160,31660,46700,76410,122020,,
213436,12100,"Atlantic City-Hammonton, NJ",4,NJ,000000,Cross-industry,cross-industry,1235,00-0000,All Occupations,total,124050,0,1000,1,,,27.47,57130,0.4,13.2,14.83,20.85,32.51,48.72,27460,30840,43360,67620,101330,,
213437,12220,"Auburn-Opelika, AL",4,AL,000000,Cross-industry,cross-industry,1235,00-0000,All Occupations,total,61310,0.1,1000,1,,,22.78,47390,0.4,10.28,12.95,17.55,26.21,39.46,21370,26930,36500,54520,82070,,
213438,12260,"Augusta-Richmond County, GA-SC",4,GA,000000,Cross-industry,cross-industry,1235,00-0000,All Occupations,total,226670,0,1000,1,,,24.97,51930,0.4,10.55,13.76,18.96,29.73,43.7,21940,28610,39430,61840,90900,,
213439,12420,"Austin-Round Rock, TX",4,TX,000000,Cross-industry,cross-industry,1235,00-0000,All Occupations,total,1176860,0,1000,1,,,30.72,63890,0.6,12.63,16.14,22.9,37.28,59.44,26270,33570,47630,77530,123640,,
213440,12540,"Bakersfield, CA",4,CA,000000,Cross-industry,cross-industry,1235,00-0000,All Occupations,total,324350,0,1000,1,,,27.48,57150,0.8,14.58,15.49,19.65,31.41,49.78,30330,32220,40880,65320,103540,,
213441,12580,"Baltimore-Columbia-Towson, MD",4,MD,000000,Cross-industry,cross-industry,1235,00-0000,All Occupations,total,1295030,0,1000,1,,,32.99,68620,0.7,13.83,17.21,24.34,39.08,61.29,28770,35810,50630,81290,127490,,
213442,12940,"Baton Rouge, LA",4,LA,000000,Cross-industry,cross-industry,1235,00-0000,All Occupations,total,385020,0,1000,1,,,26.39,54890,0.4,10.34,13.99,21.52,31.2,47.18,21510,29110,44760,64890,98140,,
213443,12980,"Battle Creek, MI",4,MI,000000,Cross-industry,cross-industry,1235,00-0000,All Occupations,total,50350,0.1,1000,1,,,26.16,54410,0.5,12.96,15.34,21.6,31.07,44.77,26960,31910,44930,64630,93130,,
213444,13020,"Bay City, MI",4,MI,000000,Cross-industry,cross-industry,1235,00-0000,All Occupations,total,33710,0.1,1000,1,,,24.31,50560,0.4,11.51,13.99,18.22,29.23,43.25,23930,29100,37890,60790,89960,,
213445,13140,"Beaumont-Port Arthur, TX",4,TX,000000,Cross-industry,cross-industry,1235,00-0000,All Occupations,total,151300,0,1000,1,,,25.51,53060,0.6,10.67,13.87,20.08,30.31,45.98,22200,28840,41770,63050,95640,,
213446,13220,"Beckley, WV",4,WV,000000,Cross-industry,cross-industry,1235,00-0000,All Occupations,total,40440,0.1,1000,1,,,21.84,45440,0.7,10.08,12.21,17,25.98,37.58,20960,25390,35360,54030,78160,,
213447,13380,"Bellingham, WA",4,WA,000000,Cross-industry,cross-industry,1235,00-0000,All Occupations,total,88170,0,1000,1,,,29.18,60690,0.6,15.16,17.38,22.92,34.9,49.14,31530,36150,47680,72590,102210,,
213448,13460,"Bend-Redmond, OR",4,OR,000000,Cross-industry,cross-industry,1235,00-0000,All Occupations,total,86990,0,1000,1,,,28,58240,0.4,14.24,16.85,22,31.49,49,29630,35040,45760,65490,101910,,
213449,13740,"Billings, MT",4,MT,000000,Cross-industry,cross-industry,1235,00-0000,All Occupations,total,87410,0,1000,1,,,26.39,54880,0.4,12.13,15.16,20.97,30.89,45.78,25240,31530,43620,64240,95220,,
213450,13780,"Binghamton, NY",4,NY,000000,Cross-industry,cross-industry,1235,00-0000,All Occupations,total,93760,0,1000,1,,,27.58,57370,0.6,13.65,15.37,21.41,31.62,47.91,28390,31970,44520,65780,99650,,
213451,13820,"Birmingham-Hoover, AL",4,AL,000000,Cross-industry,cross-industry,1235,00-0000,All Occupations,total,500850,0,1000,1,,,25.98,54040,0.5,10.71,14.06,19.51,30.06,46.86,22280,29250,40580,62530,97470,,
213452,13900,"Bismarck, ND",4,ND,000000,Cross-industry,cross-industry,1235,00-0000,All Occupations,total,71200,0.1,1000,1,,,26.45,55010,0.5,13.55,16.78,22.57,30.91,41.97,28180,34900,46940,64280,87300,,
213453,13980,"Blacksburg-Christiansburg-Radford, VA",4,VA,000000,Cross-industry,cross-industry,1235,00-0000,All Occupations,total,71010,0,1000,1,,,25.54,53130,0.5,11.35,14.31,20.18,29.44,44.7,23610,29770,41980,61240,92970,,
213454,14010,"Bloomington, IL",4,IL,000000,Cross-industry,cross-industry,1235,00-0000,All Occupations,total,88510,0,1000,1,,,29.09,60500,0.6,12.76,15.15,22.28,36.29,54.87,26540,31510,46350,75470,114130,,
213455,14020,"Bloomington, IN",4,IN,000000,Cross-industry,cross-industry,1235,00-0000,All Occupations,total,71720,0,1000,1,,,26.69,55520,0.5,11.47,14.78,21.14,31.06,46.72,23850,30740,43970,64600,97180,,
213456,14100,"Bloomsburg-Berwick, PA",4,PA,000000,Cross-industry,cross-industry,1235,00-0000,All Occupations,total,39910,0.1,1000,1,,,29.5,61360,0.9,11.61,15.35,21.52,31.8,47.62,24140,31920,44760,66140,99040,,
213457,14260,"Boise City, ID",4,ID,000000,Cross-industry,cross-industry,1235,00-0000,All Occupations,total,358230,0,1000,1,,,25.45,52930,0.5,11.7,14.93,20,29.86,44.02,24340,31060,41600,62110,91550,,
213458,14500,"Boulder, CO",4,CO,000000,Cross-industry,cross-industry,1235,00-0000,All Occupations,total,191840,0,1000,1,,,39.2,81530,1.2,15.71,19.05,29.5,47.86,74.87,32680,39610,61360,99560,155720,,
213459,14540,"Bowling Green, KY",4,KY,000000,Cross-industry,cross-industry,1235,00-0000,All Occupations,total,75160,0,1000,1,,,22.2,46170,0.5,10.75,13.65,17.96,25.54,36.34,22350,28390,37360,53110,75590,,
213460,14740,"Bremerton-Silverdale, WA",4,WA,000000,Cross-industry,cross-industry,1235,00-0000,All Occupations,total,90640,0,1000,1,,,31.18,64850,0.6,15.78,18.09,25.99,38.43,51.75,32830,37620,54060,79920,107640,,
213461,15180,"Brownsville-Harlingen, TX",4,TX,000000,Cross-industry,cross-industry,1235,00-0000,All Occupations,total,149600,0,1000,1,,,20.06,41720,0.5,9.58,10.82,14.93,23.53,35.45,19930,22510,31050,48950,73740,,
213462,15260,"Brunswick, GA",4,GA,000000,Cross-industry,cross-industry,1235,00-0000,All Occupations,total,42440,0.1,1000,1,,,23.54,48950,0.6,10.24,12.95,17.58,28.69,44.36,21290,26940,36570,59680,92270,,
213463,15380,"Buffalo-Cheektowaga-Niagara Falls, NY",4,NY,000000,Cross-industry,cross-industry,1235,00-0000,All Occupations,total,515900,0,1000,1,,,28.62,59530,0.4,13.94,16.08,22.46,33.31,48.89,29000,33440,46720,69290,101690,,
213464,15500,"Burlington, NC",4,NC,000000,Cross-industry,cross-industry,1235,00-0000,All Occupations,total,64540,0,1000,1,,,22.93,47680,1.1,10.61,13.39,17.89,25.8,39.11,22060,27850,37210,53660,81340,,
213465,15680,"California-Lexington Park, MD",4,MD,000000,Cross-industry,cross-industry,1235,00-0000,All Occupations,total,47070,0.1,1000,1,,,38.66,80400,0.5,13.78,18,31.67,53.06,70.84,28660,37440,65880,110360,147350,,
213466,15940,"Canton-Massillon, OH",4,OH,000000,Cross-industry,cross-industry,1235,00-0000,All Occupations,total,161250,0,1000,1,,,23.98,49870,0.4,10.96,13.84,18.63,28.37,39.63,22810,28800,38750,59010,82430,,
213467,15980,"Cape Coral-Fort Myers, FL",4,FL,000000,Cross-industry,cross-industry,1235,00-0000,All Occupations,total,286420,0,1000,1,,,25.45,52940,0.7,12.04,14.43,18.7,28.84,40.8,25050,30020,38890,59990,84860,,
213468,16020,"Cape Girardeau, MO-IL",4,MO,000000,Cross-industry,cross-industry,1235,00-0000,All Occupations,total,43830,0.1,1000,1,,,22.47,46740,1,11.34,13.45,17.54,26.03,36.77,23580,27970,36490,54150,76470,,
213469,16060,"Carbondale-Marion, IL",4,IL,000000,Cross-industry,cross-industry,1235,00-0000,All Occupations,total,52210,0,1000,1,,,25.58,53210,0.8,12,14.13,19,29.96,43.66,24960,29380,39530,62310,90810,,
213470,16180,"Carson City, NV",4,NV,000000,Cross-industry,cross-industry,1235,00-0000,All Occupations,total,29720,0,1000,1,,,29.78,61950,0.9,12.84,16.4,23.05,34.87,49.71,26710,34120,47940,72530,103390,,
213471,16220,"Casper, WY",4,WY,000000,Cross-industry,cross-industry,1235,00-0000,All Occupations,total,37630,0,1000,1,,,25.76,53580,0.6,12.12,15.07,21.3,30.44,43.12,25210,31350,44310,63320,89690,,
213472,16300,"Cedar Rapids, IA",4,IA,000000,Cross-industry,cross-industry,1235,00-0000,All Occupations,total,139240,0,1000,1,,,26.52,55170,0.6,12.7,15.98,22.32,30.58,43.95,26410,33230,46420,63600,91420,,
213473,16540,"Chambersburg-Waynesboro, PA",4,PA,000000,Cross-industry,cross-industry,1235,00-0000,All Occupations,total,57980,0,1000,1,,,24.74,51460,0.6,11.65,15.09,20.51,28.94,40.43,24220,31380,42660,60200,84090,,
213474,16580,"Champaign-Urbana, IL",4,IL,000000,Cross-industry,cross-industry,1235,00-0000,All Occupations,total,102500,0,1000,1,,,30.1,62600,0.4,13.08,15.46,22.22,35.18,50.58,27200,32150,46210,73180,105210,,
213475,16620,"Charleston, WV",4,WV,000000,Cross-industry,cross-industry,1235,00-0000,All Occupations,total,100240,0,1000,1,,,24.35,50640,0.8,10.52,13.25,18.37,28.96,41.75,21880,27550,38220,60240,86850,,
213476,16700,"Charleston-North Charleston, SC",4,SC,000000,Cross-industry,cross-industry,1235,00-0000,All Occupations,total,356150,0,1000,1,,,26.34,54790,0.4,11.08,14.58,20.59,30.9,47.46,23040,30320,42820,64280,98720,,
213477,16740,"Charlotte-Concord-Gastonia, NC-SC",4,NC,000000,Cross-industry,cross-industry,1235,00-0000,All Occupations,total,1269850,0,1000,1,,,29.11,60550,0.3,11.73,15.15,22.09,33.78,53.47,24400,31500,45940,70260,111210,,
213478,16820,"Charlottesville, VA",4,VA,000000,Cross-industry,cross-industry,1235,00-0000,All Occupations,total,109590,0,1000,1,,,30,62400,0.7,12.53,15.63,23.03,35.8,53.3,26050,32500,47900,74470,110860,,
213479,16860,"Chattanooga, TN-GA",4,TN,000000,Cross-industry,cross-industry,1235,00-0000,All Occupations,total,249700,0,1000,1,,,24.98,51960,0.5,10.96,14.22,19.17,28.87,42.63,22800,29590,39880,60050,88670,,
213480,16940,"Cheyenne, WY",4,WY,000000,Cross-industry,cross-industry,1235,00-0000,All Occupations,total,46440,0,1000,1,,,25.98,54040,0.5,11.91,15.14,21.55,30.23,43.26,24780,31500,44820,62870,89980,,
213481,16980,"Chicago-Naperville-Elgin, IL-IN-WI",4,IL,000000,Cross-industry,cross-industry,1235,00-0000,All Occupations,total,4416280,0,1000,1,,,31.81,66170,0.9,13.93,16.97,23.24,38,57.7,28980,35290,48340,79040,120010,,
213482,17020,"Chico, CA",4,CA,000000,Cross-industry,cross-industry,1235,00-0000,All Occupations,total,77670,0,1000,1,,,27.82,57870,1.2,14.27,15.81,20.71,31.52,50,29680,32880,43080,65560,104000,,
213483,17140,"Cincinnati, OH-KY-IN",4,OH,000000,Cross-industry,cross-industry,1235,00-0000,All Occupations,total,1061100,0,1000,1,,,28.23,58720,0.6,12.43,15.46,21.95,32.45,49.04,25850,32160,45660,67500,101990,,
213484,17300,"Clarksville, TN-KY",4,TN,000000,Cross-industry,cross-industry,1235,00-0000,All Occupations,total,92660,0,1000,1,,,22.19,46160,0.4,10.71,13.67,18.21,25.14,36.47,22270,28440,37880,52290,75860,,
213485,17420,"Cleveland, TN",4,TN,000000,Cross-industry,cross-industry,1235,00-0000,All Occupations,total,44930,0.1,1000,1,,,22.09,45940,0.9,10.63,13.59,17.5,24.2,36.84,22120,28270,36400,50330,76620,,
213486,17460,"Cleveland-Elyria, OH",4,OH,000000,Cross-industry,cross-industry,1235,00-0000,All Occupations,total,987600,0,1000,1,,,28.62,59530,0.4,12.45,15.7,22.5,35.07,49.38,25890,32660,46800,72940,102710,,
213487,17660,"Coeur d'Alene, ID",4,ID,000000,Cross-industry,cross-industry,1235,00-0000,All Occupations,total,68130,0,1000,1,,,24.2,50330,0.6,11.55,14.67,18.9,28.26,40.26,24020,30510,39320,58770,83730,,
213488,17780,"College Station-Bryan, TX",4,TX,000000,Cross-industry,cross-industry,1235,00-0000,All Occupations,total,123590,0,1000,1,,,25.63,53320,0.5,10.51,13.67,18.99,29.35,45.59,21860,28440,39500,61040,94830,,
213489,17820,"Colorado Springs, CO",4,CO,000000,Cross-industry,cross-industry,1235,00-0000,All Occupations,total,302690,0,1000,1,,,29.79,61950,0.5,14.1,16.52,22.73,35.97,52.72,29320,34350,47280,74820,109650,,
213490,17860,"Columbia, MO",4,MO,000000,Cross-industry,cross-industry,1235,00-0000,All Occupations,total,95420,0,1000,1,,,25.49,53030,1,11.65,14.15,19.39,29.59,43.22,24240,29430,40330,61550,89890,,
213491,17900,"Columbia, SC",4,SC,000000,Cross-industry,cross-industry,1235,00-0000,All Occupations,total,375300,0,1000,1,,,24.47,50890,0.3,10.79,14.07,18.85,28.97,41.01,22440,29270,39210,60260,85300,,
213492,17980,"Columbus, GA-AL",4,GA,000000,Cross-industry,cross-industry,1235,00-0000,All Occupations,total,113500,0,1000,1,,,23.75,49410,0.5,10.17,13.06,17.8,28.49,43.72,21150,27160,37010,59270,90930,,
213493,18020,"Columbus, IN",4,IN,000000,Cross-industry,cross-industry,1235,00-0000,All Occupations,total,49110,0,1000,1,,,26.03,54140,0.8,11.86,15.09,20.75,29.61,46.39,24670,31390,43160,61580,96500,,
213494,18140,"Columbus, OH",4,OH,000000,Cross-industry,cross-industry,1235,00-0000,All Occupations,total,1060610,0,1000,1,,,28.75,59800,0.3,12.83,16.08,22.42,35.29,49.86,26690,33440,46630,73390,103720,,
213495,18580,"Corpus Christi, TX",4,TX,000000,Cross-industry,cross-industry,1235,00-0000,All Occupations,total,182330,0,1000,1,,,24.42,50790,0.7,10.5,13.38,18.43,29.14,43.14,21840,27830,38340,60600,89720,,
213496,18700,"Corvallis, OR",4,OR,000000,Cross-industry,cross-industry,1235,00-0000,All Occupations,total,36910,0,1000,1,,,31.34,65190,0.6,13.96,16.77,23.38,37.91,58.39,29030,34880,48630,78840,121460,,
213497,18880,"Crestview-Fort Walton Beach-Destin, FL",4,FL,000000,Cross-industry,cross-industry,1235,00-0000,All Occupations,total,118990,0,1000,1,,,26.14,54370,0.5,11.56,14.16,18.99,30.26,48.07,24040,29450,39490,62940,99980,,
213498,19060,"Cumberland, MD-WV",4,MD,000000,Cross-industry,cross-industry,1235,00-0000,All Occupations,total,36460,0,1000,1,,,24.88,51740,0.6,12.5,13.92,19.04,29.23,41.93,26000,28960,39600,60790,87210,,
213499,19100,"Dallas-Fort Worth-Arlington, TX",4,TX,000000,Cross-industry,cross-industry,1235,00-0000,All Occupations,total,3804710,0,1000,1,,,29.41,61160,0.5,11.92,15.11,22.29,35.17,53.54,24790,31420,46360,73160,111370,,
213500,19140,"Dalton, GA",4,GA,000000,Cross-industry,cross-industry,1235,00-0000,All Occupations,total,64450,0,1000,1,,,23.7,49300,0.8,11.23,14.64,18.07,25.67,37.91,23360,30440,37590,53400,78850,,
213501,19180,"Danville, IL",4,IL,000000,Cross-industry,cross-industry,1235,00-0000,All Occupations,total,25700,0.1,1000,1,,,24.61,51190,0.6,12.64,14.84,20.45,29,39.8,26290,30870,42540,60320,82780,,
213502,19300,"Daphne-Fairhope-Foley, AL",4,AL,000000,Cross-industry,cross-industry,1235,00-0000,All Occupations,total,78640,0,1000,1,,,20.64,42920,0.7,9.64,11.7,16.15,23.68,35.08,20050,24340,33600,49250,72970,,
213503,19340,"Davenport-Moline-Rock Island, IA-IL",4,IA,000000,Cross-industry,cross-industry,1235,00-0000,All Occupations,total,176540,0,1000,1,,,26.07,54230,0.3,12.07,14.67,20.9,30.64,45.22,25110,30500,43470,63740,94070,,
213504,19380,"Dayton, OH",4,OH,000000,Cross-industry,cross-industry,1235,00-0000,All Occupations,total,363200,0,1000,1,,,27.52,57240,0.4,11.7,14.88,21.7,33.18,48.83,24340,30940,45130,69010,101560,,
213505,19460,"Decatur, AL",4,AL,000000,Cross-industry,cross-industry,1235,00-0000,All Occupations,total,56560,0,1000,1,,,24.15,50240,0.6,10.44,13.66,18.7,29.14,42.76,21720,28410,38890,60610,88950,,
213506,19500,"Decatur, IL",4,IL,000000,Cross-industry,cross-industry,1235,00-0000,All Occupations,total,45550,0,1000,1,,,28.35,58960,0.6,13.01,16.21,22.53,34.15,48.34,27060,33730,46870,71030,100550,,
213507,19660,"Deltona-Daytona Beach-Ormond Beach, FL",4,FL,000000,Cross-industry,cross-industry,1235,00-0000,All Occupations,total,206340,0,1000,1,,,22.93,47680,0.7,10.97,13.55,17.36,25.69,37.74,22810,28190,36100,53440,78500,,
213508,19740,"Denver-Aurora-Lakewood, CO",4,CO,000000,Cross-industry,cross-industry,1235,00-0000,All Occupations,total,1551060,0,1000,1,,,34.52,71790,0.4,15.18,18.18,26.01,40.3,63.64,31570,37820,54110,83830,132360,,
213509,19780,"Des Moines-West Des Moines, IA",4,IA,000000,Cross-industry,cross-industry,1235,00-0000,All Occupations,total,371110,0,1000,1,,,28.82,59950,0.5,13.05,16.36,23.16,34.42,49.85,27150,34040,48170,71580,103680,,
213510,19820,"Detroit-Warren-Dearborn, MI",4,MI,000000,Cross-industry,cross-industry,1235,00-0000,All Occupations,total,1866500,0,1000,1,,,29.81,62000,0.3,13.46,16.65,23.08,36.44,51.27,27990,34620,48000,75780,106640,,
213511,20020,"Dothan, AL",4,AL,000000,Cross-industry,cross-industry,1235,00-0000,All Occupations,total,58000,0,1000,1,,,21.26,44220,0.7,9.32,11.78,16.22,23.71,36.09,19390,24490,33740,49320,75070,,
213512,20100,"Dover, DE",4,DE,000000,Cross-industry,cross-industry,1235,00-0000,All Occupations,total,65690,0,1000,1,,,24.9,51790,0.5,11.6,14.32,19.64,29.39,41.55,24130,29780,40850,61130,86420,,
213513,20220,"Dubuque, IA",4,IA,000000,Cross-industry,cross-industry,1235,00-0000,All Occupations,total,57520,0,1000,1,,,25.52,53080,0.5,12.22,15.67,21.4,29.5,41.26,25420,32590,44510,61360,85830,,
213514,20260,"Duluth, MN-WI",4,MN,000000,Cross-industry,cross-industry,1235,00-0000,All Occupations,total,121950,0.1,1000,1,,,26.45,55020,0.4,12.93,15.48,22.01,31.33,42.78,26890,32210,45770,65170,88980,,
213515,20500,"Durham-Chapel Hill, NC",4,NC,000000,Cross-industry,cross-industry,1235,00-0000,All Occupations,total,327690,0,1000,1,,,34.48,71720,0.4,13.26,17.41,26.05,40.35,64.73,27570,36210,54180,83930,134630,,
213516,20700,"East Stroudsburg, PA",4,PA,000000,Cross-industry,cross-industry,1235,00-0000,All Occupations,total,54460,0,1000,1,,,23.87,49650,0.6,10.9,13.8,18.77,28.74,40.7,22670,28700,39050,59770,84660,,
213517,20740,"Eau Claire, WI",4,WI,000000,Cross-industry,cross-industry,1235,00-0000,All Occupations,total,82810,0,1000,1,,,25.74,53540,0.4,12.09,15.08,20.76,29.26,40.92,25150,31360,43170,60860,85120,,
213518,20940,"El Centro, CA",4,CA,000000,Cross-industry,cross-industry,1235,00-0000,All Occupations,total,62520,0.1,1000,1,,,26.23,54570,0.7,14.44,15.32,18.36,31.25,49.72,30040,31870,38200,65000,103420,,
213519,21060,"Elizabethtown-Fort Knox, KY",4,KY,000000,Cross-industry,cross-industry,1235,00-0000,All Occupations,total,51920,0,1000,1,,,23.27,48400,0.5,10.73,13.84,18.77,28.24,39.73,22320,28790,39030,58750,82630,,
213520,21140,"Elkhart-Goshen, IN",4,IN,000000,Cross-industry,cross-industry,1235,00-0000,All Occupations,total,142190,0.1,1000,1,,,25.46,52950,0.9,13.88,17.08,21.62,29.03,40.67,28860,35520,44970,60370,84590,,
213521,21300,"Elmira, NY",4,NY,000000,Cross-industry,cross-industry,1235,00-0000,All Occupations,total,33780,0.1,1000,1,,,26.3,54710,0.9,13.63,15.33,20.78,30.14,40.61,28350,31890,43220,62700,84470,,
213522,21340,"El Paso, TX",4,TX,000000,Cross-industry,cross-industry,1235,00-0000,All Occupations,total,316110,0,1000,1,,,21.27,44250,0.5,9.45,11.56,16.43,25.32,38,19660,24050,34180,52660,79040,,
213523,21420,"Enid, OK",4,OK,000000,Cross-industry,cross-industry,1235,00-0000,All Occupations,total,23160,0.1,1000,1,,,21.82,45380,0.8,10.18,13.09,17.23,24.64,37.77,21170,27230,35830,51250,78550,,
213524,21500,"Erie, PA",4,PA,000000,Cross-industry,cross-industry,1235,00-0000,All Occupations,total,117080,0,1000,1,,,23.37,48610,0.5,10.83,13.65,18.22,28.05,38.92,22520,28390,37900,58340,80950,,
213525,21660,"Eugene, OR",4,OR,000000,Cross-industry,cross-industry,1235,00-0000,All Occupations,total,153570,0,1000,1,,,27.09,56340,0.5,13.9,16.44,21.38,30.58,47.22,28910,34200,44470,63610,98220,,
213526,21780,"Evansville, IN-KY",4,IN,000000,Cross-industry,cross-industry,1235,00-0000,All Occupations,total,149980,0,1000,1,,,24.09,50110,0.4,11.09,14.24,18.58,28.56,39.29,23070,29620,38640,59390,81730,,
213527,21820,"Fairbanks, AK",4,AK,000000,Cross-industry,cross-industry,1235,00-0000,All Occupations,total,34410,0.1,1000,1,,,30.51,63460,0.4,14.07,17.75,24.94,38.13,50.72,29270,36920,51880,79310,105500,,
213528,22020,"Fargo, ND-MN",4,ND,000000,Cross-industry,cross-industry,1235,00-0000,All Occupations,total,139770,0,1000,1,,,26.78,55700,0.8,13.5,16.72,22.35,30.96,42.89,28080,34770,46490,64410,89210,,
213529,22140,"Farmington, NM",4,NM,000000,Cross-industry,cross-industry,1235,00-0000,All Occupations,total,43460,0.1,1000,1,,,24.24,50420,0.6,11.5,13.51,18.47,28.86,40.69,23930,28090,38420,60020,84640,,
213530,22180,"Fayetteville, NC",4,NC,000000,Cross-industry,cross-industry,1235,00-0000,All Occupations,total,128880,0,1000,1,,,23.87,49660,0.4,10.45,13.24,18.42,27.89,43.5,21730,27540,38310,58010,90490,,
213531,22220,"Fayetteville-Springdale-Rogers, AR-MO",4,AR,000000,Cross-industry,cross-industry,1235,00-0000,All Occupations,total,255640,0,1000,1,,,25.87,53810,0.6,12.49,14.09,18.55,29.51,47.69,25980,29310,38580,61370,99190,,
213532,22380,"Flagstaff, AZ",4,AZ,000000,Cross-industry,cross-industry,1235,00-0000,All Occupations,total,61700,0,1000,1,,,24.96,51910,0.5,13.85,15.21,18.72,28.68,43.03,28800,31640,38940,59650,89510,,
213533,22420,"Flint, MI",4,MI,000000,Cross-industry,cross-industry,1235,00-0000,All Occupations,total,129540,0,1000,1,,,25.56,53160,0.7,12.24,14.39,19.09,30.34,41.45,25450,29930,39710,63110,86210,,
213534,22500,"Florence, SC",4,SC,000000,Cross-industry,cross-industry,1235,00-0000,All Occupations,total,86500,0,1000,1,,,23.08,48010,0.5,10.28,13.1,17.49,27.24,39.92,21370,27240,36380,56660,83030,,
213535,22520,"Florence-Muscle Shoals, AL",4,AL,000000,Cross-industry,cross-industry,1235,00-0000,All Occupations,total,53600,0,1000,1,,,21.22,44140,0.6,9.92,12.65,17.25,24.68,35.62,20630,26310,35880,51340,74090,,
213536,22540,"Fond du Lac, WI",4,WI,000000,Cross-industry,cross-industry,1235,00-0000,All Occupations,total,44990,0.1,1000,1,,,26.06,54200,0.9,12.43,16.37,22.5,29.76,40.98,25860,34050,46800,61900,85250,,
213537,22660,"Fort Collins, CO",4,CO,000000,Cross-industry,cross-industry,1235,00-0000,All Occupations,total,169440,0,1000,1,,,30.62,63700,0.6,14.33,17.21,23.45,36.53,52.49,29800,35790,48770,75970,109180,,
213538,22900,"Fort Smith, AR-OK",4,AR,000000,Cross-industry,cross-industry,1235,00-0000,All Occupations,total,105250,0,1000,1,,,21.15,43990,0.4,11.27,13.06,16.98,24.24,34.94,23450,27170,35320,50420,72680,,
213539,23060,"Fort Wayne, IN",4,IN,000000,Cross-industry,cross-industry,1235,00-0000,All Occupations,total,217750,0,1000,1,,,25.16,52330,0.3,11.85,14.75,19.78,29.64,39.56,24650,30670,41140,61660,82280,,
213540,23420,"Fresno, CA",4,CA,000000,Cross-industry,cross-industry,1235,00-0000,All Occupations,total,397960,0,1000,1,,,27.28,56730,0.5,14.29,15.52,19.59,30.77,48.74,29710,32280,40740,63990,101380,,
213541,23460,"Gadsden, AL",4,AL,000000,Cross-industry,cross-industry,1235,00-0000,All Occupations,total,32190,0.1,1000,1,,,19.65,40870,0.7,9.32,11.65,15.21,23.04,32.48,19380,24230,31630,47920,67550,,
213542,23540,"Gainesville, FL",4,FL,000000,Cross-industry,cross-industry,1235,00-0000,All Occupations,total,137310,0,1000,1,,,25.88,53840,0.6,11.78,14.39,20.53,29.84,45.56,24490,29940,42700,62070,94770,,
213543,23580,"Gainesville, GA",4,GA,000000,Cross-industry,cross-industry,1235,00-0000,All Occupations,total,94280,0,1000,1,,,24.45,50860,0.5,11.32,14.4,18.38,28.19,40.15,23540,29950,38230,58640,83520,,
213544,23900,"Gettysburg, PA",4,PA,000000,Cross-industry,cross-industry,1235,00-0000,All Occupations,total,32330,0.1,1000,1,,,24.12,50170,0.5,11.16,14.49,19.45,28.08,39.68,23220,30130,40450,58410,82530,,
213545,24020,"Glens Falls, NY",4,NY,000000,Cross-industry,cross-industry,1235,00-0000,All Occupations,total,48980,0.1,1000,1,,,26.31,54720,0.7,13.77,15.55,21.04,30.11,43.1,28630,32350,43770,62630,89650,,
213546,24140,"Goldsboro, NC",4,NC,000000,Cross-industry,cross-industry,1235,00-0000,All Occupations,total,39490,0,1000,1,,,21.44,44590,0.4,10.34,13.02,17.31,24.22,36.53,21510,27090,36000,50380,75980,,
213547,24220,"Grand Forks, ND-MN",4,ND,000000,Cross-industry,cross-industry,1235,00-0000,All Occupations,total,48990,0.1,1000,1,,,25.83,53730,0.4,13.16,16.01,21.69,29.95,40.47,27370,33300,45110,62300,84170,,
213548,24260,"Grand Island, NE",4,NE,000000,Cross-industry,cross-industry,1235,00-0000,All Occupations,total,41370,0,1000,1,,,24.33,50600,0.5,12.5,15.04,20.09,27.59,39.33,26000,31280,41800,57390,81800,,
213549,24300,"Grand Junction, CO",4,CO,000000,Cross-industry,cross-industry,1235,00-0000,All Occupations,total,64380,0,1000,1,,,26.77,55680,0.6,13.68,15.45,20.74,30.05,44.73,28460,32140,43140,62500,93030,,
213550,24340,"Grand Rapids-Wyoming, MI",4,MI,000000,Cross-industry,cross-industry,1235,00-0000,All Occupations,total,549710,0,1000,1,,,26.4,54900,0.3,13.07,15.39,20.54,30.38,44.78,27180,32020,42730,63190,93130,,
213551,24420,"Grants Pass, OR",4,OR,000000,Cross-industry,cross-industry,1235,00-0000,All Occupations,total,29080,0.1,1000,1,,,24.75,51480,0.8,13.93,16.24,19.41,27.07,40.85,28970,33790,40380,56310,84970,,
213552,24500,"Great Falls, MT",4,MT,000000,Cross-industry,cross-industry,1235,00-0000,All Occupations,total,35500,0.1,1000,1,,,22.86,47540,0.8,11.18,13.92,18.33,27.64,38.22,23250,28960,38120,57500,79510,,
213553,24540,"Greeley, CO",4,CO,000000,Cross-industry,cross-industry,1235,00-0000,All Occupations,total,107510,0,1000,1,,,27.95,58130,0.4,14.21,17.37,22.96,31.31,47.03,29560,36120,47760,65130,97820,,
213554,24580,"Green Bay, WI",4,WI,000000,Cross-industry,cross-industry,1235,00-0000,All Occupations,total,168190,0,1000,1,,,26.29,54680,0.4,12.59,16.28,21.84,30.19,42.49,26190,33870,45440,62790,88380,,
213555,24660,"Greensboro-High Point, NC",4,NC,000000,Cross-industry,cross-industry,1235,00-0000,All Occupations,total,352980,0,1000,1,,,24.79,51550,0.3,11.01,14.17,18.77,28.6,42.76,22910,29470,39030,59480,88940,,
213556,24780,"Greenville, NC",4,NC,000000,Cross-industry,cross-industry,1235,00-0000,All Occupations,total,77940,0,1000,1,,,25.16,52330,0.5,10.64,13.8,19.07,29.88,43.2,22120,28700,39670,62150,89860,,
213557,24860,"Greenville-Anderson-Mauldin, SC",4,SC,000000,Cross-industry,cross-industry,1235,00-0000,All Occupations,total,410160,0,1000,1,,,25.01,52010,0.5,10.92,14.19,18.95,29.06,42.29,22710,29520,39420,60440,87950,,
213558,25020,"Guayama, PR",4,PR,000000,Cross-industry,cross-industry,1235,00-0000,All Occupations,total,12210,0.1,1000,1,,,13.47,28020,0.8,8.53,9.03,9.7,14.1,21.81,17740,18790,20180,29330,45370,,
213559,25060,"Gulfport-Biloxi-Pascagoula, MS",4,MS,000000,Cross-industry,cross-industry,1235,00-0000,All Occupations,total,148750,0,1000,1,,,23.36,48600,0.5,9.75,12.58,18.2,29.52,40.53,20290,26170,37850,61390,84310,,
213560,25180,"Hagerstown-Martinsburg, MD-WV",4,MD,000000,Cross-industry,cross-industry,1235,00-0000,All Occupations,total,100340,0,1000,1,,,25.55,53150,0.5,12.63,14.83,19.8,29.35,43.7,26260,30840,41170,61040,90900,,
213561,25220,"Hammond, LA",4,LA,000000,Cross-industry,cross-industry,1235,00-0000,All Occupations,total,45460,0,1000,1,,,21.34,44380,0.5,9.37,11.88,16.94,24.83,36.58,19500,24700,35230,51640,76090,,
213562,25260,"Hanford-Corcoran, CA",4,CA,000000,Cross-industry,cross-industry,1235,00-0000,All Occupations,total,44120,0.1,1000,1,,,28.17,58590,0.5,14.83,16.26,21.47,34.68,49.09,30850,33820,44660,72130,102110,,
213563,25420,"Harrisburg-Carlisle, PA",4,PA,000000,Cross-industry,cross-industry,1235,00-0000,All Occupations,total,319650,0,1000,1,,,27.4,56980,0.5,12.56,16.32,22.17,32.27,47.04,26120,33940,46110,67120,97830,,
213564,25500,"Harrisonburg, VA",4,VA,000000,Cross-industry,cross-industry,1235,00-0000,All Occupations,total,63440,0,1000,1,,,24.04,50000,0.4,11.74,14.57,19.54,27.89,39.42,24420,30300,40640,58000,81990,,
213565,25620,"Hattiesburg, MS",4,MS,000000,Cross-industry,cross-industry,1235,00-0000,All Occupations,total,62110,0,1000,1,,,20.57,42790,0.9,8.88,11.29,15.58,23.02,35.34,18470,23480,32400,47870,73510,,
213566,25860,"Hickory-Lenoir-Morganton, NC",4,NC,000000,Cross-industry,cross-industry,1235,00-0000,All Occupations,total,153120,0,1000,1,,,22.9,47620,0.5,11.05,14.14,18.37,25.01,37.03,22980,29410,38220,52020,77010,,
213567,25940,"Hilton Head Island-Bluffton-Beaufort, SC",4,SC,000000,Cross-industry,cross-industry,1235,00-0000,All Occupations,total,77950,0,1000,1,,,22.21,46190,0.6,10.46,13.36,17.51,24.97,37.75,21760,27790,36420,51940,78510,,
213568,25980,"Hinesville, GA",4,GA,000000,Cross-industry,cross-industry,1235,00-0000,All Occupations,total,19720,0.1,1000,1,,,23.53,48950,0.5,10.54,13.7,19.61,28.48,39.54,21930,28500,40790,59230,82250,,
213569,26140,"Homosassa Springs, FL",4,FL,000000,Cross-industry,cross-industry,1235,00-0000,All Occupations,total,33630,0,1000,1,,,21.8,45350,1.1,10.79,13.18,16.91,23.4,36.05,22440,27400,35170,48670,74980,,
213570,26300,"Hot Springs, AR",4,AR,000000,Cross-industry,cross-industry,1235,00-0000,All Occupations,total,37830,0,1000,1,,,20.76,43180,0.6,11.29,12.7,15.74,23.07,34.77,23480,26410,32730,47990,72330,,
213571,26380,"Houma-Thibodaux, LA",4,LA,000000,Cross-industry,cross-industry,1235,00-0000,All Occupations,total,77850,0,1000,1,,,25.03,52070,0.5,10.09,13.55,19.45,29.07,44.22,21000,28180,40460,60460,91970,,
213572,26420,"Houston-The Woodlands-Sugar Land, TX",4,TX,000000,Cross-industry,cross-industry,1235,00-0000,All Occupations,total,3054460,0,1000,1,,,29.11,60560,0.7,11.14,14.67,21.93,34.59,52.06,23160,30520,45610,71950,108280,,
213573,26580,"Huntington-Ashland, WV-KY-OH",4,WV,000000,Cross-industry,cross-industry,1235,00-0000,All Occupations,total,127640,0,1000,1,,,23.32,48510,0.4,10.46,13.15,18.02,27.58,39.69,21760,27340,37480,57370,82550,,
213574,26620,"Huntsville, AL",4,AL,000000,Cross-industry,cross-industry,1235,00-0000,All Occupations,total,239090,0,1000,1,,,30.67,63790,0.4,11.07,14.74,22.83,38.94,62.13,23020,30660,47490,81000,129230,,
213575,26820,"Idaho Falls, ID",4,ID,000000,Cross-industry,cross-industry,1235,00-0000,All Occupations,total,75850,0.1,1000,1,,,25.85,53770,0.6,11.16,14.06,18.73,30.32,48.58,23220,29240,38950,63060,101050,,
213576,26900,"Indianapolis-Carmel-Anderson, IN",4,IN,000000,Cross-industry,cross-industry,1235,00-0000,All Occupations,total,1051250,0,1000,1,,,27.76,57740,1.1,12.61,15.48,21.54,31.23,47.51,26220,32200,44790,64960,98820,,
213577,26980,"Iowa City, IA",4,IA,000000,Cross-industry,cross-industry,1235,00-0000,All Occupations,total,90540,0,1000,1,,,27.39,56970,0.4,11.93,15.31,22.52,31.73,47.4,24820,31850,46850,66000,98590,,
213578,27060,"Ithaca, NY",4,NY,000000,Cross-industry,cross-industry,1235,00-0000,All Occupations,total,47280,0,1000,1,,,32.8,68230,0.6,14.87,18.07,25.15,39.34,58.86,30930,37580,52310,81830,122420,,
213579,27100,"Jackson, MI",4,MI,000000,Cross-industry,cross-industry,1235,00-0000,All Occupations,total,55930,0.1,1000,1,,,26.4,54920,0.4,12.72,15.16,20.81,31.04,46.94,26460,31540,43280,64560,97630,,
213580,27140,"Jackson, MS",4,MS,000000,Cross-industry,cross-industry,1235,00-0000,All Occupations,total,247520,0,1000,1,,,23.34,48540,0.6,10.01,12.89,18.1,27.84,39.94,20820,26800,37640,57910,83080,,
213581,27180,"Jackson, TN",4,TN,000000,Cross-industry,cross-industry,1235,00-0000,All Occupations,total,68240,0,1000,1,,,22.84,47510,0.6,10.88,14.1,18.75,26.48,36.46,22630,29330,39000,55080,75830,,
213582,27260,"Jacksonville, FL",4,FL,000000,Cross-industry,cross-industry,1235,00-0000,All Occupations,total,721380,0,1000,1,,,26.87,55880,0.5,12.33,14.79,20,30.79,47.3,25640,30750,41600,64050,98380,,
213583,27340,"Jacksonville, NC",4,NC,000000,Cross-industry,cross-industry,1235,00-0000,All Occupations,total,49850,0,1000,1,,,21.37,44440,0.6,9.96,12.26,16.82,24.86,37.46,20710,25500,34980,51710,77920,,
213584,27500,"Janesville-Beloit, WI",4,WI,000000,Cross-industry,cross-industry,1235,00-0000,All Occupations,total,65860,0,1000,1,,,25.61,53270,0.6,12.3,15.27,20.78,29.53,41.1,25590,31750,43220,61420,85490,,
213585,27620,"Jefferson City, MO",4,MO,000000,Cross-industry,cross-industry,1235,00-0000,All Occupations,total,73130,0,1000,1,,,24.02,49960,0.5,12.03,14.32,19.07,28.03,39.58,25020,29780,39660,58310,82320,,
213586,27740,"Johnson City, TN",4,TN,000000,Cross-industry,cross-industry,1235,00-0000,All Occupations,total,80530,0,1000,1,,,23.33,48530,0.7,10.54,13.56,17.97,26.16,38.63,21930,28210,37370,54410,80350,,
213587,27780,"Johnstown, PA",4,PA,000000,Cross-industry,cross-industry,1235,00-0000,All Occupations,total,47940,0,1000,1,,,21.93,45610,1,10.19,13.02,17.82,26.58,37.08,21200,27090,37060,55280,77120,,
213588,27860,"Jonesboro, AR",4,AR,000000,Cross-industry,cross-industry,1235,00-0000,All Occupations,total,58310,0,1000,1,,,22.32,46430,0.4,11.63,13.5,17.85,24.47,37.06,24190,28080,37130,50900,77080,,
213589,27900,"Joplin, MO",4,MO,000000,Cross-industry,cross-industry,1235,00-0000,All Occupations,total,79160,0,1000,1,,,23.1,48050,0.5,11.68,13.86,18.5,27.3,37.29,24290,28840,38470,56780,77560,,
213590,27980,"Kahului-Wailuku-Lahaina, HI",4,HI,000000,Cross-industry,cross-industry,1235,00-0000,All Occupations,total,73140,0,1000,1,,,27.7,57610,0.8,13.71,16.93,22.93,31.42,47.82,28520,35200,47690,65360,99470,,
213591,28020,"Kalamazoo-Portage, MI",4,MI,000000,Cross-industry,cross-industry,1235,00-0000,All Occupations,total,138580,0,1000,1,,,26.44,54990,0.5,12.63,14.99,21.16,30.53,45.64,26260,31180,44000,63500,94920,,
213592,28100,"Kankakee, IL",4,IL,000000,Cross-industry,cross-industry,1235,00-0000,All Occupations,total,42190,0.1,1000,1,,,25.79,53650,0.6,12.83,14.88,19.67,29.83,44.31,26690,30940,40910,62050,92160,,
213593,28140,"Kansas City, MO-KS",4,MO,000000,Cross-industry,cross-industry,1235,00-0000,All Occupations,total,1052830,0,1000,1,,,28.01,58250,0.4,12.91,15.8,22.31,32.44,48.95,26850,32860,46410,67480,101820,,
213594,28420,"Kennewick-Richland, WA",4,WA,000000,Cross-industry,cross-industry,1235,00-0000,All Occupations,total,121800,0,1000,1,,,30.69,63830,0.5,15.27,17.48,23.12,37.66,52.91,31770,36370,48100,78340,110050,,
213595,28660,"Killeen-Temple, TX",4,TX,000000,Cross-industry,cross-industry,1235,00-0000,All Occupations,total,144010,0,1000,1,,,26.1,54280,0.5,10.44,13.51,18.9,28.75,45.03,21720,28090,39310,59810,93670,,
213596,28700,"Kingsport-Bristol-Bristol, TN-VA",4,TN,000000,Cross-industry,cross-industry,1235,00-0000,All Occupations,total,113450,0,1000,1,,,24.07,50060,0.6,11,13.64,18.26,28.31,39.94,22880,28360,37980,58870,83080,,
213597,28740,"Kingston, NY",4,NY,000000,Cross-industry,cross-industry,1235,00-0000,All Occupations,total,56210,0.1,1000,1,,,27.31,56790,0.4,14.22,16.23,21.81,31.31,47.52,29580,33750,45360,65130,98850,,
213598,28940,"Knoxville, TN",4,TN,000000,Cross-industry,cross-industry,1235,00-0000,All Occupations,total,398480,0,1000,1,,,25.36,52760,0.6,11.05,14.24,19.36,29.56,45.18,22980,29620,40270,61490,93970,,
213599,29020,"Kokomo, IN",4,IN,000000,Cross-industry,cross-industry,1235,00-0000,All Occupations,total,34840,0.1,1000,1,,,24.45,50860,0.5,11.24,14.26,20.63,31.95,38.24,23370,29650,42900,66450,79540,,
213600,29100,"La Crosse-Onalaska, WI-MN",4,WI,000000,Cross-industry,cross-industry,1235,00-0000,All Occupations,total,71910,0.1,1000,1,,,27.43,57060,0.4,12.37,15.75,21.83,30.81,46.65,25720,32750,45410,64090,97030,,
213601,29180,"Lafayette, LA",4,LA,000000,Cross-industry,cross-industry,1235,00-0000,All Occupations,total,191720,0.1,1000,1,,,23.12,48090,0.7,9.63,12.41,18.04,27.3,39.34,20020,25810,37510,56780,81830,,
213602,29200,"Lafayette-West Lafayette, IN",4,IN,000000,Cross-industry,cross-industry,1235,00-0000,All Occupations,total,96060,0,1000,1,,,26.2,54490,0.4,11.59,14.67,20.66,31.08,44.31,24100,30520,42980,64650,92160,,
213603,29340,"Lake Charles, LA",4,LA,000000,Cross-industry,cross-industry,1235,00-0000,All Occupations,total,94220,0,1000,1,,,24.58,51130,0.5,9.99,13.35,19.34,30.23,43.28,20780,27770,40230,62870,90020,,
213604,29420,"Lake Havasu City-Kingman, AZ",4,AZ,000000,Cross-industry,cross-industry,1235,00-0000,All Occupations,total,54380,0,1000,1,,,23.39,48640,0.6,13.53,14.51,17.87,25.11,37.75,28130,30170,37170,52220,78530,,
213605,29460,"Lakeland-Winter Haven, FL",4,FL,000000,Cross-industry,cross-industry,1235,00-0000,All Occupations,total,251360,0,1000,1,,,24.19,50320,0.5,11.98,14.44,18.63,27.72,38.98,24910,30030,38740,57650,81070,,
213606,29540,"Lancaster, PA",4,PA,000000,Cross-industry,cross-industry,1235,00-0000,All Occupations,total,242400,0,1000,1,,,25.35,52730,0.5,11.77,15.07,20.83,29.27,40.92,24480,31340,43320,60870,85110,,
213607,29620,"Lansing-East Lansing, MI",4,MI,000000,Cross-industry,cross-industry,1235,00-0000,All Occupations,total,202550,0,1000,1,,,28.21,58680,0.3,13.04,15.92,23.02,34.05,48.08,27130,33110,47880,70830,100010,,
213608,29700,"Laredo, TX",4,TX,000000,Cross-industry,cross-industry,1235,00-0000,All Occupations,total,101990,0,1000,1,,,20.65,42950,1.3,9.53,10.94,15.93,25.14,36.92,19830,22760,33130,52290,76780,,
213609,29740,"Las Cruces, NM",4,NM,000000,Cross-industry,cross-industry,1235,00-0000,All Occupations,total,72600,0.1,1000,1,,,23.5,48870,0.8,11.5,12.82,17.2,28.28,44.23,23920,26660,35770,58820,91990,,
213610,29820,"Las Vegas-Henderson-Paradise, NV",4,NV,000000,Cross-industry,cross-industry,1235,00-0000,All Occupations,total,1024390,0,1000,1,,,26.16,54410,1.2,10.89,14,18.78,29.68,47.08,22650,29120,39060,61740,97920,,
213611,29940,"Lawrence, KS",4,KS,000000,Cross-industry,cross-industry,1235,00-0000,All Occupations,total,48640,0.1,1000,1,,,23.76,49410,0.4,10.7,13.59,18.38,28.53,40.53,22250,28260,38230,59340,84290,,
213612,30020,"Lawton, OK",4,OK,000000,Cross-industry,cross-industry,1235,00-0000,All Occupations,total,41140,0,1000,1,,,22.78,47380,0.5,10.07,12.93,17.71,28.94,38.19,20950,26900,36840,60200,79440,,
213613,30140,"Lebanon, PA",4,PA,000000,Cross-industry,cross-industry,1235,00-0000,All Occupations,total,50180,0,1000,1,,,24.15,50220,0.6,11.44,14.71,19.25,28.55,39.43,23790,30600,40040,59380,82020,,
213614,30300,"Lewiston, ID-WA",4,ID,000000,Cross-industry,cross-industry,1235,00-0000,All Occupations,total,27800,0.1,1000,1,,,25.24,52490,0.7,13.09,15.36,20.11,29.39,40.2,27230,31940,41820,61120,83620,,
213615,30460,"Lexington-Fayette, KY",4,KY,000000,Cross-industry,cross-industry,1235,00-0000,All Occupations,total,267800,0,1000,1,,,25.56,53160,0.7,11.51,14.7,20.5,30.33,41.96,23940,30580,42640,63090,87270,,
213616,30620,"Lima, OH",4,OH,000000,Cross-industry,cross-industry,1235,00-0000,All Occupations,total,49110,0,1000,1,,,24.88,51760,0.8,11.18,14.21,19.93,29.95,41.15,23260,29560,41450,62290,85580,,
213617,30700,"Lincoln, NE",4,NE,000000,Cross-industry,cross-industry,1235,00-0000,All Occupations,total,173630,0,1000,1,,,26.74,55610,0.5,12,15,21.6,30.99,45.37,24960,31200,44930,64460,94370,,
213618,30780,"Little Rock-North Little Rock-Conway, AR",4,AR,000000,Cross-industry,cross-industry,1235,00-0000,All Occupations,total,336190,0,1000,1,,,24.72,51410,0.4,12.14,14.01,18.75,28.95,40.74,25250,29150,38990,60220,84730,,
213619,30860,"Logan, UT-ID",4,UT,000000,Cross-industry,cross-industry,1235,00-0000,All Occupations,total,66380,0,1000,1,,,23.68,49240,0.6,11,13.94,18.45,27.24,40.15,22880,28980,38380,56670,83500,,
213620,30980,"Longview, TX",4,TX,000000,Cross-industry,cross-industry,1235,00-0000,All Occupations,total,93970,0,1000,1,,,23.17,48200,0.9,10.33,13.33,17.95,27.66,39.37,21490,27730,37330,57520,81880,,
213621,31020,"Longview, WA",4,WA,000000,Cross-industry,cross-industry,1235,00-0000,All Occupations,total,40440,0,1000,1,,,28.57,59420,0.5,15.49,17.47,23.39,34.46,47.83,32210,36340,48650,71670,99480,,
213622,31080,"Los Angeles-Long Beach-Anaheim, CA",4,CA,000000,Cross-industry,cross-industry,1235,00-0000,All Occupations,total,6100410,0,1000,1,,,33.43,69540,0.3,15.15,17.02,23.3,38.95,63.1,31510,35390,48470,81010,131240,,
213623,31140,"Louisville/Jefferson County, KY-IN",4,KY,000000,Cross-industry,cross-industry,1235,00-0000,All Occupations,total,643330,0,1000,1,,,26.91,55970,0.5,12.35,15.51,21.33,30.39,45.43,25680,32260,44360,63200,94480,,
213624,31180,"Lubbock, TX",4,TX,000000,Cross-industry,cross-industry,1235,00-0000,All Occupations,total,148600,0,1000,1,,,22.78,47380,0.9,10.26,13.05,17.58,27.21,39.64,21350,27150,36560,56590,82440,,
213625,31340,"Lynchburg, VA",4,VA,000000,Cross-industry,cross-industry,1235,00-0000,All Occupations,total,96060,0,1000,1,,,24.44,50830,0.8,11,13.7,18.7,28.49,41.23,22880,28500,38900,59260,85760,,
213626,31420,"Macon, GA",4,GA,000000,Cross-industry,cross-industry,1235,00-0000,All Occupations,total,95710,0,1000,1,,,24.2,50330,0.4,10.46,13.71,18.29,28.34,41.83,21760,28520,38040,58950,87000,,
213627,31460,"Madera, CA",4,CA,000000,Cross-industry,cross-industry,1235,00-0000,All Occupations,total,50760,0.1,1000,1,,,26.83,55800,0.6,14.48,15.19,18.84,30.97,48.85,30120,31590,39190,64410,101600,,
213628,31540,"Madison, WI",4,WI,000000,Cross-industry,cross-industry,1235,00-0000,All Occupations,total,386980,0,1000,1,,,29.9,62200,0.5,13.45,17.23,23.34,36.53,50.34,27980,35840,48560,75980,104710,,
213629,31740,"Manhattan, KS",4,KS,000000,Cross-industry,cross-industry,1235,00-0000,All Occupations,total,39000,0,1000,1,,,23.61,49110,0.4,10.44,13.33,18.58,28.74,40.88,21720,27730,38650,59780,85030,,
213630,31860,"Mankato-North Mankato, MN",4,MN,000000,Cross-industry,cross-industry,1235,00-0000,All Occupations,total,53260,0,1000,1,,,26.45,55020,0.6,13.42,16.03,21.82,30.3,43.45,27910,33350,45390,63030,90370,,
213631,31900,"Mansfield, OH",4,OH,000000,Cross-industry,cross-industry,1235,00-0000,All Occupations,total,48300,0.1,1000,1,,,22.98,47800,0.8,10.92,13.78,18.43,26.96,37.32,22710,28660,38330,56080,77620,,
213632,32420,"Mayaguez, PR",4,PR,000000,Cross-industry,cross-industry,1235,00-0000,All Occupations,total,29920,0.1,1000,1,,,14.19,29520,2.2,8.5,8.75,10.53,14.64,22.81,17680,18200,21900,30450,47440,,
213633,32580,"McAllen-Edinburg-Mission, TX",4,TX,000000,Cross-industry,cross-industry,1235,00-0000,All Occupations,total,275190,0,1000,1,,,20,41610,0.6,9.5,10.78,14.67,23.39,35.78,19760,22420,30520,48650,74420,,
213634,32780,"Medford, OR",4,OR,000000,Cross-industry,cross-industry,1235,00-0000,All Occupations,total,86580,0,1000,1,,,26.55,55230,0.5,13.8,16.07,20.86,29.72,46.68,28710,33420,43380,61830,97100,,
213635,32820,"Memphis, TN-MS-AR",4,TN,000000,Cross-industry,cross-industry,1235,00-0000,All Occupations,total,621320,0,1000,1,,,25.32,52660,0.5,11.43,14.66,19.01,29.54,41.32,23770,30490,39550,61450,85940,,
213636,32900,"Merced, CA",4,CA,000000,Cross-industry,cross-industry,1235,00-0000,All Occupations,total,75630,0,1000,1,,,25.71,53480,1.2,14.33,15.47,19.15,29.18,46.5,29810,32180,39830,60700,96710,,
213637,33100,"Miami-Fort Lauderdale-West Palm Beach, FL",4,FL,000000,Cross-industry,cross-industry,1235,00-0000,All Occupations,total,2623770,0,1000,1,,,28.36,58980,0.5,12.37,14.84,21.02,31.79,50.23,25730,30870,43710,66110,104470,,
213638,33140,"Michigan City-La Porte, IN",4,IN,000000,Cross-industry,cross-industry,1235,00-0000,All Occupations,total,39600,0.1,1000,1,,,22.71,47250,0.6,11.09,14,18.21,26.06,37.39,23060,29120,37870,54190,77760,,
213639,33220,"Midland, MI",4,MI,000000,Cross-industry,cross-industry,1235,00-0000,All Occupations,total,35680,0,1000,1,,,30.14,62690,0.8,12.55,14.72,21.71,36.71,54.46,26100,30620,45160,76360,113280,,
213640,33260,"Midland, TX",4,TX,000000,Cross-industry,cross-industry,1235,00-0000,All Occupations,total,104880,0,1000,1,,,30.06,62520,1.1,12.49,16.63,23.03,35.05,54.94,25980,34590,47900,72890,114280,,
213641,33340,"Milwaukee-Waukesha-West Allis, WI",4,WI,000000,Cross-industry,cross-industry,1235,00-0000,All Occupations,total,801220,0,1000,1,,,28.52,59320,0.6,12.7,16.29,22.5,33.29,49.21,26410,33880,46800,69240,102350,,
213642,33460,"Minneapolis-St. Paul-Bloomington, MN-WI",4,MN,000000,Cross-industry,cross-industry,1235,00-0000,All Occupations,total,1884270,0,1000,1,,,32.24,67060,0.4,14.29,17.78,24.5,38.63,57.5,29730,36980,50960,80340,119600,,
213643,33540,"Missoula, MT",4,MT,000000,Cross-industry,cross-industry,1235,00-0000,All Occupations,total,61840,0,1000,1,,,24.92,51830,0.5,11.8,14.78,19.6,29.32,40.72,24550,30750,40760,60980,84700,,
213644,33660,"Mobile, AL",4,AL,000000,Cross-industry,cross-industry,1235,00-0000,All Occupations,total,170790,0,1000,1,,,24.23,50400,0.5,10.45,13.72,18.76,29.17,40.54,21740,28530,39010,60680,84330,,
213645,33700,"Modesto, CA",4,CA,000000,Cross-industry,cross-industry,1235,00-0000,All Occupations,total,189840,0,1000,1,,,28.58,59440,0.4,14.78,16.46,21.66,32.1,50.65,30740,34240,45050,66760,105350,,
213646,33740,"Monroe, LA",4,LA,000000,Cross-industry,cross-industry,1235,00-0000,All Occupations,total,74390,0.1,1000,1,,,20.76,43190,0.6,8.93,11.03,16.39,24.17,36.87,18580,22940,34080,50270,76700,,
213647,33780,"Monroe, MI",4,MI,000000,Cross-industry,cross-industry,1235,00-0000,All Occupations,total,38030,0,1000,1,,,26.38,54880,0.7,12.76,14.93,20.94,30.67,47.76,26540,31050,43560,63800,99350,,
213648,33860,"Montgomery, AL",4,AL,000000,Cross-industry,cross-industry,1235,00-0000,All Occupations,total,157550,0,1000,1,,,23.69,49270,0.3,10.47,13.33,18.33,28.43,40.88,21770,27720,38130,59140,85020,,
213649,34060,"Morgantown, WV",4,WV,000000,Cross-industry,cross-industry,1235,00-0000,All Occupations,total,64590,0,1000,1,,,25.89,53850,0.6,10.79,13.91,19.27,29.91,46.34,22440,28920,40090,62210,96400,,
213650,34100,"Morristown, TN",4,TN,000000,Cross-industry,cross-industry,1235,00-0000,All Occupations,total,46240,0,1000,1,,,21.16,44010,0.6,10.67,13.59,17.66,23.6,33.08,22190,28270,36740,49090,68800,,
213651,34580,"Mount Vernon-Anacortes, WA",4,WA,000000,Cross-industry,cross-industry,1235,00-0000,All Occupations,total,49290,0.1,1000,1,,,29.56,61480,0.6,15.71,17.78,23.66,35.78,49.53,32670,36980,49200,74420,103030,,
213652,34620,"Muncie, IN",4,IN,000000,Cross-industry,cross-industry,1235,00-0000,All Occupations,total,44200,0,1000,1,,,23.78,49470,0.6,10.81,13.91,18.13,28.17,38.31,22480,28930,37710,58580,79690,,
213653,34740,"Muskegon, MI",4,MI,000000,Cross-industry,cross-industry,1235,00-0000,All Occupations,total,61060,0,1000,1,,,23.88,49670,0.5,11.84,14.06,18.38,27.9,38.52,24630,29240,38230,58030,80120,,
213654,34820,"Myrtle Beach-Conway-North Myrtle Beach, SC-NC",4,SC,000000,Cross-industry,cross-industry,1235,00-0000,All Occupations,total,172130,0,1000,1,,,20.74,43140,0.5,9.9,12.1,16.18,23.26,36.26,20580,25160,33650,48380,75410,,
213655,34900,"Napa, CA",4,CA,000000,Cross-industry,cross-industry,1235,00-0000,All Occupations,total,74080,0,1000,1,,,31.56,65640,0.9,16.42,17.82,23.2,36.76,56.7,34160,37060,48260,76460,117940,,
213656,34940,"Naples-Immokalee-Marco Island, FL",4,FL,000000,Cross-industry,cross-industry,1235,00-0000,All Occupations,total,157390,0,1000,1,,,26.58,55280,0.6,12.93,14.88,19.19,29.72,46.37,26890,30940,39920,61820,96450,,
213657,34980,"Nashville-Davidson--Murfreesboro--Franklin, TN",4,TN,000000,Cross-industry,cross-industry,1235,00-0000,All Occupations,total,1036630,0,1000,1,,,27.67,57560,0.7,12.07,15.23,21.3,30.78,48.88,25110,31680,44300,64010,101670,,
213658,35100,"New Bern, NC",4,NC,000000,Cross-industry,cross-industry,1235,00-0000,All Occupations,total,44630,0,1000,1,,,23.7,49290,0.5,10.47,13.41,18.68,28.58,40.6,21790,27900,38860,59450,84450,,
213659,35380,"New Orleans-Metairie, LA",4,LA,000000,Cross-industry,cross-industry,1235,00-0000,All Occupations,total,518440,0,1000,1,,,26.38,54880,0.9,10.33,13.63,19.52,30.5,47.4,21490,28360,40600,63440,98580,,
213660,35620,"New York-Newark-Jersey City, NY-NJ-PA",4,NY,000000,Cross-industry,cross-industry,1235,00-0000,All Occupations,total,9185300,0,1000,1,,,37.77,78560,0.5,15.08,17.9,27.59,46.82,70.94,31360,37230,57390,97380,147560,,
213661,35660,"Niles-Benton Harbor, MI",4,MI,000000,Cross-industry,cross-industry,1235,00-0000,All Occupations,total,58250,0.1,1000,1,,,24.8,51580,1.1,12.2,14.52,18.87,28.74,41.65,25370,30210,39260,59780,86620,,
213662,35840,"North Port-Sarasota-Bradenton, FL",4,FL,000000,Cross-industry,cross-industry,1235,00-0000,All Occupations,total,310190,0,1000,1,,,25.71,53480,0.5,12.26,14.59,18.98,29.09,41.94,25500,30350,39470,60500,87240,,
213663,36100,"Ocala, FL",4,FL,000000,Cross-industry,cross-industry,1235,00-0000,All Occupations,total,111280,0,1000,1,,,22.8,47430,0.8,11.12,13.7,17.49,25.66,37.2,23120,28490,36380,53370,77380,,
213664,36140,"Ocean City, NJ",4,NJ,000000,Cross-industry,cross-industry,1235,00-0000,All Occupations,total,39890,0.1,1000,1,,,24.72,51420,0.8,13.11,14.36,18.52,28.72,43.6,27270,29880,38520,59730,90680,,
213665,36220,"Odessa, TX",4,TX,000000,Cross-industry,cross-industry,1235,00-0000,All Occupations,total,72960,0,1000,1,,,26.3,54700,0.8,11.26,15,21.17,30.15,45.37,23410,31190,44040,62710,94370,,
213666,36260,"Ogden-Clearfield, UT",4,UT,000000,Cross-industry,cross-industry,1235,00-0000,All Occupations,total,278150,0,1000,1,,,25.77,53600,0.6,12.12,15.07,20.41,30.24,45.41,25200,31340,42450,62900,94440,,
213667,36420,"Oklahoma City, OK",4,OK,000000,Cross-industry,cross-industry,1235,00-0000,All Occupations,total,627070,0,1000,1,,,25.9,53870,0.6,10.77,14.07,19.89,30.3,45.86,22410,29270,41370,63010,95390,,
213668,36500,"Olympia-Tumwater, WA",4,WA,000000,Cross-industry,cross-industry,1235,00-0000,All Occupations,total,120860,0,1000,1,,,31.71,65960,0.5,16,18.32,26.01,39.19,52.67,33280,38110,54100,81520,109560,,
213669,36540,"Omaha-Council Bluffs, NE-IA",4,NE,000000,Cross-industry,cross-industry,1235,00-0000,All Occupations,total,471570,0,1000,1,,,27.89,58000,0.6,12.84,15.44,22.14,32.17,48.64,26720,32110,46040,66920,101180,,
213670,36740,"Orlando-Kissimmee-Sanford, FL",4,FL,000000,Cross-industry,cross-industry,1235,00-0000,All Occupations,total,1297460,0.2,1000,1,,,25.89,53840,0.6,11.84,14.43,18.76,29.36,46.71,24630,30010,39030,61060,97160,,
213671,36780,"Oshkosh-Neenah, WI",4,WI,000000,Cross-industry,cross-industry,1235,00-0000,All Occupations,total,91330,0,1000,1,,,26.85,55850,0.5,12.87,16.66,22.1,30.43,44.9,26770,34650,45970,63290,93400,,
213672,36980,"Owensboro, KY",4,KY,000000,Cross-industry,cross-industry,1235,00-0000,All Occupations,total,50600,0,1000,1,,,23.83,49560,0.6,11.01,14.01,19.13,28.69,38.19,22900,29140,39790,59680,79440,,
213673,37100,"Oxnard-Thousand Oaks-Ventura, CA",4,CA,000000,Cross-industry,cross-industry,1235,00-0000,All Occupations,total,313120,0,1000,1,,,30.79,64050,1,14.86,16.7,22.42,36.77,58.41,30900,34740,46640,76470,121490,,
213674,37340,"Palm Bay-Melbourne-Titusville, FL",4,FL,000000,Cross-industry,cross-industry,1235,00-0000,All Occupations,total,229070,0,1000,1,,,28.02,58280,0.4,12.06,14.48,21.1,32.06,51.42,25080,30120,43890,66690,106950,,
213675,37460,"Panama City, FL",4,FL,000000,Cross-industry,cross-industry,1235,00-0000,All Occupations,total,81270,0.1,1000,1,,,23.98,49870,1.1,11.13,13.79,17.98,27.41,40.27,23140,28690,37400,57010,83760,,
213676,37620,"Parkersburg-Vienna, WV",4,WV,000000,Cross-industry,cross-industry,1235,00-0000,All Occupations,total,35090,0.1,1000,1,,,22.49,46790,0.8,10.29,12.45,17.32,27.25,40.1,21390,25890,36030,56680,83410,,
213677,37860,"Pensacola-Ferry Pass-Brent, FL",4,FL,000000,Cross-industry,cross-industry,1235,00-0000,All Occupations,total,181590,0,1000,1,,,24.37,50690,0.7,11.19,13.81,18.47,28.33,40.99,23280,28720,38410,58930,85260,,
213678,37900,"Peoria, IL",4,IL,000000,Cross-industry,cross-industry,1235,00-0000,All Occupations,total,162260,0,1000,1,,,27.48,57150,0.4,12.89,15.09,21.48,32.38,47.39,26800,31380,44680,67350,98560,,
213679,37980,"Philadelphia-Camden-Wilmington, PA-NJ-DE-MD",4,PA,000000,Cross-industry,cross-industry,1235,00-0000,All Occupations,total,2770020,0,1000,1,,,31.01,64500,0.4,13.13,16.59,23.28,37.67,56.21,27320,34500,48420,78340,116910,,
213680,38060,"Phoenix-Mesa-Scottsdale, AZ",4,AZ,000000,Cross-industry,cross-industry,1235,00-0000,All Occupations,total,2220140,0,1000,1,,,28.86,60030,0.3,14.26,16.7,22.25,32.14,50.03,29660,34730,46290,66850,104060,,
213681,38220,"Pine Bluff, AR",4,AR,000000,Cross-industry,cross-industry,1235,00-0000,All Occupations,total,29000,0,1000,1,,,21.96,45690,0.7,11.51,13.4,17.85,24.67,36.34,23940,27860,37120,51320,75580,,
213682,38300,"Pittsburgh, PA",4,PA,000000,Cross-industry,cross-industry,1235,00-0000,All Occupations,total,1057700,0,1000,1,,,27.9,58020,0.9,11.65,15.25,22.06,33.16,48.8,24220,31720,45870,68970,101510,,
213683,38540,"Pocatello, ID",4,ID,000000,Cross-industry,cross-industry,1235,00-0000,All Occupations,total,36340,0,1000,1,,,22.29,46370,0.8,10.4,13.32,17.68,26.59,37.59,21640,27700,36770,55320,78180,,
213684,38660,"Ponce, PR",4,PR,000000,Cross-industry,cross-industry,1235,00-0000,All Occupations,total,63710,0,1000,1,,,13.63,28350,0.5,8.51,8.9,10.55,14.37,21.56,17710,18520,21940,29890,44840,,
213685,38900,"Portland-Vancouver-Hillsboro, OR-WA",4,OR,000000,Cross-industry,cross-industry,1235,00-0000,All Occupations,total,1180900,0,1000,1,,,32.68,67970,0.4,15.32,17.99,24.45,39.12,59.9,31860,37410,50860,81360,124590,,
213686,38940,"Port St. Lucie, FL",4,FL,000000,Cross-industry,cross-industry,1235,00-0000,All Occupations,total,156870,0,1000,1,,,24.63,51230,0.6,11.67,14.2,18.34,27.99,40.09,24280,29530,38140,58210,83380,,
213687,39140,"Prescott, AZ",4,AZ,000000,Cross-industry,cross-industry,1235,00-0000,All Occupations,total,66700,0,1000,1,,,24.92,51840,0.5,13.85,15.16,19.05,27.95,39.77,28810,31530,39620,58140,82730,,
213688,39340,"Provo-Orem, UT",4,UT,000000,Cross-industry,cross-industry,1235,00-0000,All Occupations,total,284930,0,1000,1,,,27.13,56440,0.7,12.23,14.89,20.25,30.66,49.66,25440,30980,42110,63780,103300,,
213689,39380,"Pueblo, CO",4,CO,000000,Cross-industry,cross-industry,1235,00-0000,All Occupations,total,62230,0,1000,1,,,26.03,54130,0.6,13.68,15.55,20.92,30.04,43.25,28450,32340,43520,62470,89950,,
213690,39460,"Punta Gorda, FL",4,FL,000000,Cross-industry,cross-industry,1235,00-0000,All Occupations,total,51550,0.1,1000,1,,,23.91,49740,0.7,11.53,13.94,17.88,27.58,39.31,23990,29000,37180,57370,81770,,
213691,39540,"Racine, WI",4,WI,000000,Cross-industry,cross-industry,1235,00-0000,All Occupations,total,73440,0.1,1000,1,,,24.78,51550,0.5,11.68,14.73,20.25,29.09,39.96,24290,30630,42130,60510,83120,,
213692,39580,"Raleigh, NC",4,NC,000000,Cross-industry,cross-industry,1235,00-0000,All Occupations,total,672280,0,1000,1,,,30.05,62500,0.6,11.69,15.35,22.4,36.19,57.54,24320,31930,46590,75280,119680,,
213693,39660,"Rapid City, SD",4,SD,000000,Cross-industry,cross-industry,1235,00-0000,All Occupations,total,69880,0,1000,1,,,23.51,48900,0.6,12.12,14.06,18.43,27.09,38.15,25200,29240,38340,56350,79350,,
213694,39740,"Reading, PA",4,PA,000000,Cross-industry,cross-industry,1235,00-0000,All Occupations,total,165800,0,1000,1,,,25.91,53880,0.9,11.96,15.28,21.04,29.91,44.3,24890,31790,43750,62210,92140,,
213695,39820,"Redding, CA",4,CA,000000,Cross-industry,cross-industry,1235,00-0000,All Occupations,total,67330,0,1000,1,,,28.13,58520,0.9,14.22,15.89,21.11,32.18,50.65,29590,33050,43910,66930,105350,,
213696,39900,"Reno, NV",4,NV,000000,Cross-industry,cross-industry,1235,00-0000,All Occupations,total,248090,0,1000,1,,,28.17,58600,0.7,12.87,16.42,21.68,31.44,48.35,26770,34160,45100,65380,100570,,
213697,40060,"Richmond, VA",4,VA,000000,Cross-industry,cross-industry,1235,00-0000,All Occupations,total,629790,0,1000,1,,,28.88,60060,0.4,12.36,15.36,22.58,34.06,51.43,25700,31960,46970,70850,106970,,
213698,40140,"Riverside-San Bernardino-Ontario, CA",4,CA,000000,Cross-industry,cross-industry,1235,00-0000,All Occupations,total,1632480,0,1000,1,,,27.96,58160,0.6,14.65,16.51,21.71,31.07,49.7,30460,34350,45150,64630,103370,,
213699,40220,"Roanoke, VA",4,VA,000000,Cross-industry,cross-industry,1235,00-0000,All Occupations,total,147090,0,1000,1,,,24.97,51950,0.4,11.32,14.16,19.19,29.1,42.14,23550,29460,39910,60540,87640,,
213700,40340,"Rochester, MN",4,MN,000000,Cross-industry,cross-industry,1235,00-0000,All Occupations,total,117500,0,1000,1,,,35.41,73650,3,13.94,17.72,24.16,38.89,60.61,28990,36860,50250,80890,126070,,
213701,40380,"Rochester, NY",4,NY,000000,Cross-industry,cross-industry,1235,00-0000,All Occupations,total,484980,0,1000,1,,,28.8,59900,0.4,13.94,15.92,22.6,33.18,49.3,29000,33110,47010,69010,102540,,
213702,40420,"Rockford, IL",4,IL,000000,Cross-industry,cross-industry,1235,00-0000,All Occupations,total,137220,0,1000,1,,,26.45,55010,0.4,13.08,15.22,20.78,31.07,45.48,27210,31650,43220,64620,94600,,
213703,40580,"Rocky Mount, NC",4,NC,000000,Cross-industry,cross-industry,1235,00-0000,All Occupations,total,54100,0,1000,1,,,22.84,47500,0.7,10.5,13.42,17.91,27.37,39.11,21850,27920,37250,56940,81340,,
213704,40660,"Rome, GA",4,GA,000000,Cross-industry,cross-industry,1235,00-0000,All Occupations,total,39470,0,1000,1,,,23.83,49570,0.7,10.58,13.75,18.25,28,39.68,22000,28600,37960,58250,82520,,
213705,40900,"Sacramento--Roseville--Arden-Arcade, CA",4,CA,000000,Cross-industry,cross-industry,1235,00-0000,All Occupations,total,1028590,0,1000,1,,,33.27,69190,0.5,15.16,17.41,24.31,39.39,62.09,31530,36200,50560,81920,129150,,
213706,40980,"Saginaw, MI",4,MI,000000,Cross-industry,cross-industry,1235,00-0000,All Occupations,total,78770,0.1,1000,1,,,25.12,52250,0.7,12.03,14.36,19.34,29.75,40.68,25020,29870,40240,61880,84610,,
213707,41060,"St. Cloud, MN",4,MN,000000,Cross-industry,cross-industry,1235,00-0000,All Occupations,total,100130,0,1000,1,,,27.23,56640,0.7,13.5,16.55,22.13,30.81,44.78,28070,34420,46020,64080,93140,,
213708,41100,"St. George, UT",4,UT,000000,Cross-industry,cross-industry,1235,00-0000,All Occupations,total,79860,0,1000,1,,,23.22,48290,0.7,11.28,14.07,18.14,26.58,38.17,23460,29270,37740,55290,79390,,
213709,41140,"St. Joseph, MO-KS",4,MO,000000,Cross-industry,cross-industry,1235,00-0000,All Occupations,total,52630,0,1000,1,,,24.59,51150,0.6,12.54,14.51,20.29,28.07,40.07,26090,30190,42190,58390,83340,,
213710,41180,"St. Louis, MO-IL",4,MO,000000,Cross-industry,cross-industry,1235,00-0000,All Occupations,total,1309400,0,1000,1,,,28.3,58860,0.6,13,15.22,22.11,33.82,49.33,27050,31650,45990,70350,102600,,
213711,41420,"Salem, OR",4,OR,000000,Cross-industry,cross-industry,1235,00-0000,All Occupations,total,174880,0,1000,1,,,28.31,58890,0.5,14.3,16.87,22.41,33.42,48.72,29740,35100,46610,69510,101340,,
213712,41500,"Salinas, CA",4,CA,000000,Cross-industry,cross-industry,1235,00-0000,All Occupations,total,181770,0,1000,1,,,27.87,57970,0.6,15.28,16.54,19.35,31.07,50.32,31780,34410,40250,64620,104670,,
213713,41540,"Salisbury, MD-DE",4,MD,000000,Cross-industry,cross-industry,1235,00-0000,All Occupations,total,163250,0,1000,1,,,24.34,50630,0.4,12.5,14.06,18.08,28.3,41.4,26000,29240,37610,58870,86100,,
213714,41620,"Salt Lake City, UT",4,UT,000000,Cross-industry,cross-industry,1235,00-0000,All Occupations,total,780740,0,1000,1,,,29.8,61970,0.4,13.51,16.68,22.72,35.23,52.32,28090,34700,47260,73280,108820,,
213715,41660,"San Angelo, TX",4,TX,000000,Cross-industry,cross-industry,1235,00-0000,All Occupations,total,48440,0,1000,1,,,22.84,47500,0.6,10.28,13.23,17.8,27.11,38.43,21380,27510,37030,56380,79940,,
213716,41700,"San Antonio-New Braunfels, TX",4,TX,000000,Cross-industry,cross-industry,1235,00-0000,All Occupations,total,1048960,0,1000,1,,,25.99,54060,0.4,10.87,14.12,19.34,29.95,47.14,22610,29370,40220,62300,98040,,
213717,41740,"San Diego-Carlsbad, CA",4,CA,000000,Cross-industry,cross-industry,1235,00-0000,All Occupations,total,1489500,0,1000,1,,,34.17,71080,1,15.09,17.3,23.9,39.78,64.32,31390,35990,49710,82740,133790,,
213718,41860,"San Francisco-Oakland-Hayward, CA",4,CA,000000,Cross-industry,cross-industry,1235,00-0000,All Occupations,total,2392790,0,1000,1,,,45.37,94370,0.8,17.46,20.92,31.5,57.33,84.72,36320,43520,65520,119250,176220,,
213719,41900,"San German, PR",4,PR,000000,Cross-industry,cross-industry,1235,00-0000,All Occupations,total,20050,0.1,1000,1,,,12.05,25060,0.7,8.5,8.58,9.38,12.93,18.18,17680,17850,19510,26890,37800,,
213720,41940,"San Jose-Sunnyvale-Santa Clara, CA",4,CA,000000,Cross-industry,cross-industry,1235,00-0000,All Occupations,total,1122990,0,1000,1,,,54.07,112460,0.7,17.91,21.7,36.89,71.76,103.67,37260,45130,76740,149260,215630,,
213721,41980,"San Juan-Carolina-Caguas, PR",4,PR,000000,Cross-industry,cross-industry,1235,00-0000,All Occupations,total,668290,0,1000,1,,,16.14,33560,0.5,8.72,9.21,11.72,18.07,27.94,18150,19150,24380,37580,58120,,
213722,42020,"San Luis Obispo-Paso Robles-Arroyo Grande, CA",4,CA,000000,Cross-industry,cross-industry,1235,00-0000,All Occupations,total,118460,0,1000,1,,,29.66,61680,0.5,14.87,16.56,22.03,35.71,54.24,30920,34440,45820,74280,112810,,
213723,42100,"Santa Cruz-Watsonville, CA",4,CA,000000,Cross-industry,cross-industry,1235,00-0000,All Occupations,total,96860,0,1000,1,,,31.23,64950,0.5,15.18,17.07,22.76,37.04,59.4,31560,35500,47350,77050,123550,,
213724,42140,"Santa Fe, NM",4,NM,000000,Cross-industry,cross-industry,1235,00-0000,All Occupations,total,59770,0,1000,1,,,25.86,53790,0.6,13.06,14.8,20.19,29.75,44.2,27150,30780,41990,61890,91940,,
213725,42200,"Santa Maria-Santa Barbara, CA",4,CA,000000,Cross-industry,cross-industry,1235,00-0000,All Occupations,total,205800,0,1000,1,,,31.29,65070,0.8,14.99,16.7,22.18,37.1,60.77,31190,34740,46130,77160,126410,,
213726,42220,"Santa Rosa, CA",4,CA,000000,Cross-industry,cross-industry,1235,00-0000,All Occupations,total,203300,0,1000,1,,,32.12,66810,0.5,16.41,17.74,23.48,37.42,59.82,34140,36890,48840,77840,124430,,
213727,42340,"Savannah, GA",4,GA,000000,Cross-industry,cross-industry,1235,00-0000,All Occupations,total,185200,0,1000,1,,,25.84,53750,0.6,10.78,13.98,19.11,29.92,46.01,22420,29080,39740,62240,95700,,
213728,42540,"Scranton--Wilkes-Barre--Hazleton, PA",4,PA,000000,Cross-industry,cross-industry,1235,00-0000,All Occupations,total,247000,0,1000,1,,,24.73,51430,0.5,11.26,14.63,19.51,28.63,40.48,23430,30420,40580,59540,84210,,
213729,42660,"Seattle-Tacoma-Bellevue, WA",4,WA,000000,Cross-industry,cross-industry,1235,00-0000,All Occupations,total,2037380,0,1000,1,,,38.47,80020,0.6,17.41,20.69,29.72,48.07,68.88,36210,43030,61830,99990,143270,,
213730,42680,"Sebastian-Vero Beach, FL",4,FL,000000,Cross-industry,cross-industry,1235,00-0000,All Occupations,total,54460,0.1,1000,1,,,23.92,49760,0.8,11.66,14.06,18.23,27.08,39.01,24260,29250,37910,56330,81150,,
213731,42700,"Sebring, FL",4,FL,000000,Cross-industry,cross-industry,1235,00-0000,All Occupations,total,26490,0.1,1000,1,,,21.83,45400,0.8,10.85,13.15,17.05,24.11,35.82,22570,27350,35460,50150,74510,,
213732,43100,"Sheboygan, WI",4,WI,000000,Cross-industry,cross-industry,1235,00-0000,All Occupations,total,58590,0,1000,1,,,25.73,53510,0.5,12.81,16.53,21.68,28.8,40.05,26650,34380,45100,59910,83310,,
213733,43300,"Sherman-Denison, TX",4,TX,000000,Cross-industry,cross-industry,1235,00-0000,All Occupations,total,47490,0,1000,1,,,23.02,47880,0.7,10.51,13.54,17.89,28.08,39.4,21860,28160,37210,58400,81950,,
213734,43340,"Shreveport-Bossier City, LA",4,LA,000000,Cross-industry,cross-industry,1235,00-0000,All Occupations,total,166700,0,1000,1,,,23.16,48180,0.8,9.76,12.6,17.86,28.04,39.74,20300,26200,37150,58330,82660,,
213735,43420,"Sierra Vista-Douglas, AZ",4,AZ,000000,Cross-industry,cross-industry,1235,00-0000,All Occupations,total,33250,0,1000,1,,,26.39,54890,0.6,13.37,14.75,20.04,32.26,47.69,27820,30680,41690,67100,99200,,
213736,43580,"Sioux City, IA-NE-SD",4,IA,000000,Cross-industry,cross-industry,1235,00-0000,All Occupations,total,86580,0,1000,1,,,24.44,50840,0.5,12.14,15.2,19.35,28.62,39.38,25240,31620,40250,59530,81900,,
213737,43620,"Sioux Falls, SD",4,SD,000000,Cross-industry,cross-industry,1235,00-0000,All Occupations,total,161420,0,1000,1,,,25.41,52850,0.5,13.1,15.13,19.95,28.85,39.83,27240,31460,41500,60010,82850,,
213738,43780,"South Bend-Mishawaka, IN-MI",4,IN,000000,Cross-industry,cross-industry,1235,00-0000,All Occupations,total,126810,0,1000,1,,,25.13,52270,0.6,11.74,14.67,19.34,29.14,40.47,24410,30500,40230,60610,84180,,
213739,43900,"Spartanburg, SC",4,SC,000000,Cross-industry,cross-industry,1235,00-0000,All Occupations,total,156630,0,1000,1,,,24.05,50020,0.4,11.11,14.39,19.05,29.06,39.43,23110,29920,39630,60440,82020,,
213740,44060,"Spokane-Spokane Valley, WA",4,WA,000000,Cross-industry,cross-industry,1235,00-0000,All Occupations,total,250080,0,1000,1,,,28.56,59400,0.4,14.93,17.27,22.35,33.07,48.55,31050,35930,46490,68780,100980,,
213741,44100,"Springfield, IL",4,IL,000000,Cross-industry,cross-industry,1235,00-0000,All Occupations,total,101700,0,1000,1,,,29.84,62070,1.1,13.1,15.7,22.63,36.03,50.21,27250,32660,47060,74940,104430,,
213742,44180,"Springfield, MO",4,MO,000000,Cross-industry,cross-industry,1235,00-0000,All Occupations,total,212670,0,1000,1,,,23.49,48870,0.4,11.65,13.97,18.63,27.59,38.19,24230,29050,38750,57390,79440,,
213743,44220,"Springfield, OH",4,OH,000000,Cross-industry,cross-industry,1235,00-0000,All Occupations,total,46450,0.1,1000,1,,,24.4,50750,0.9,11.47,14.32,19.23,28.85,39.33,23850,29780,40010,60000,81810,,
213744,44300,"State College, PA",4,PA,000000,Cross-industry,cross-industry,1235,00-0000,All Occupations,total,64540,0.1,1000,1,,,27.74,57690,0.6,11.59,14.76,22.39,33.89,48.23,24120,30700,46580,70500,100320,,
213745,44420,"Staunton-Waynesboro, VA",4,VA,000000,Cross-industry,cross-industry,1235,00-0000,All Occupations,total,48110,0,1000,1,,,23.99,49900,0.4,11.6,14.43,19.97,27.74,38.95,24130,30010,41540,57700,81020,,
213746,44700,"Stockton-Lodi, CA",4,CA,000000,Cross-industry,cross-industry,1235,00-0000,All Occupations,total,275080,0,1000,1,,,27.93,58100,0.6,14.91,16.82,22.16,31.05,48.48,31010,34990,46090,64590,100840,,
213747,44940,"Sumter, SC",4,SC,000000,Cross-industry,cross-industry,1235,00-0000,All Occupations,total,35970,0,1000,1,,,21.9,45550,0.8,10.24,13.35,17.9,25.13,36.82,21290,27760,37230,52270,76580,,
213748,45060,"Syracuse, NY",4,NY,000000,Cross-industry,cross-industry,1235,00-0000,All Occupations,total,287320,0,1000,1,,,29.23,60800,0.3,14.11,16.5,23.07,34.85,49.66,29340,34320,47990,72490,103290,,
213749,45220,"Tallahassee, FL",4,FL,000000,Cross-industry,cross-industry,1235,00-0000,All Occupations,total,176400,0,1000,1,,,24.46,50890,0.5,11.23,13.75,18.83,28.55,41.38,23350,28600,39160,59390,86070,,
213750,45300,"Tampa-St. Petersburg-Clearwater, FL",4,FL,000000,Cross-industry,cross-industry,1235,00-0000,All Occupations,total,1365080,0,1000,1,,,27.64,57500,0.4,12.35,14.76,20.81,31.25,48.89,25690,30700,43280,65000,101690,,
213751,45460,"Terre Haute, IN",4,IN,000000,Cross-industry,cross-industry,1235,00-0000,All Occupations,total,63530,0.1,1000,1,,,23.03,47900,0.6,10.85,13.81,18.47,27.74,38.32,22580,28730,38420,57700,79700,,
213752,45500,"Texarkana, TX-AR",4,TX,000000,Cross-industry,cross-industry,1235,00-0000,All Occupations,total,56070,0,1000,1,,,22.47,46740,0.6,10.65,13.18,17.79,27.39,37.22,22150,27420,37010,56970,77410,,
213753,45540,"The Villages, FL",4,FL,000000,Cross-industry,cross-industry,1235,00-0000,All Occupations,total,36180,0,1000,1,,,24.16,50260,0.9,11.64,13.83,18.23,27.34,39.45,24210,28760,37920,56870,82060,,
213754,45780,"Toledo, OH",4,OH,000000,Cross-industry,cross-industry,1235,00-0000,All Occupations,total,284330,0,1000,1,,,26,54070,0.4,11.66,14.92,20.79,30.9,43.47,24260,31030,43230,64270,90420,,
213755,45820,"Topeka, KS",4,KS,000000,Cross-industry,cross-industry,1235,00-0000,All Occupations,total,110340,0,1000,1,,,24.82,51620,0.4,11.37,14.5,20.1,29.65,40.49,23660,30150,41810,61670,84220,,
213756,45940,"Trenton, NJ",4,NJ,000000,Cross-industry,cross-industry,1235,00-0000,All Occupations,total,236680,0,1000,1,,,36.11,75100,0.4,14.03,18.02,28.06,45.7,65.14,29180,37470,58360,95050,135490,,
213757,46060,"Tucson, AZ",4,AZ,000000,Cross-industry,cross-industry,1235,00-0000,All Occupations,total,379240,0,1000,1,,,27.02,56210,0.4,13.58,15.09,20.4,30.4,47.93,28240,31380,42430,63230,99690,,
213758,46140,"Tulsa, OK",4,OK,000000,Cross-industry,cross-industry,1235,00-0000,All Occupations,total,426640,0,1000,1,,,25.65,53360,0.4,10.93,14.17,19.47,30.09,46.03,22740,29480,40500,62590,95750,,
213759,46220,"Tuscaloosa, AL",4,AL,000000,Cross-industry,cross-industry,1235,00-0000,All Occupations,total,99700,0,1000,1,,,23.8,49510,0.4,10.51,13.63,19.06,29.3,39.18,21860,28350,39640,60950,81500,,
213760,46300,"Twin Falls, ID",4,ID,000000,Cross-industry,cross-industry,1235,00-0000,All Occupations,total,47830,0.1,1000,1,,,22.47,46750,0.6,10.94,14.06,18.19,25.75,37.22,22750,29240,37830,53550,77420,,
213761,46340,"Tyler, TX",4,TX,000000,Cross-industry,cross-industry,1235,00-0000,All Occupations,total,106770,0,1000,1,,,23.3,48460,0.5,10.37,13.2,17.89,27.68,39.28,21560,27450,37220,57580,81700,,
213762,46520,"Urban Honolulu, HI",4,HI,000000,Cross-industry,cross-industry,1235,00-0000,All Occupations,total,423380,0,1000,1,,,30.64,63730,0.5,13.44,16.89,23.88,37.09,52.69,27950,35140,49660,77150,109580,,
213763,46540,"Utica-Rome, NY",4,NY,000000,Cross-industry,cross-industry,1235,00-0000,All Occupations,total,114800,0,1000,1,,,26.48,55070,0.4,13.9,15.62,21.63,30.23,44.28,28910,32500,45000,62880,92100,,
213764,46660,"Valdosta, GA",4,GA,000000,Cross-industry,cross-industry,1235,00-0000,All Occupations,total,53210,0,1000,1,,,21.06,43800,0.6,9.4,11.95,16.46,23.98,36.31,19560,24850,34240,49870,75530,,
213765,46700,"Vallejo-Fairfield, CA",4,CA,000000,Cross-industry,cross-industry,1235,00-0000,All Occupations,total,137820,0,1000,1,,,32.42,67430,0.4,15.88,17.5,24.1,38.3,60.93,33020,36400,50130,79660,126730,,
213766,47020,"Victoria, TX",4,TX,000000,Cross-industry,cross-industry,1235,00-0000,All Occupations,total,37940,0.1,1000,1,,,23.28,48430,0.7,10.58,13.47,17.96,28.3,40.08,22000,28020,37360,58870,83360,,
213767,47220,"Vineland-Bridgeton, NJ",4,NJ,000000,Cross-industry,cross-industry,1235,00-0000,All Occupations,total,60660,0,1000,1,,,26.56,55240,0.8,13.12,15.13,20.99,32.02,45.5,27290,31470,43660,66600,94640,,
213768,47260,"Virginia Beach-Norfolk-Newport News, VA-NC",4,VA,000000,Cross-industry,cross-industry,1235,00-0000,All Occupations,total,725790,0,1000,1,,,27.12,56420,0.6,11.48,14.44,21.8,31.74,48.76,23870,30030,45340,66020,101430,,
213769,47300,"Visalia-Porterville, CA",4,CA,000000,Cross-industry,cross-industry,1235,00-0000,All Occupations,total,161590,0,1000,1,,,25.4,52830,1,14.43,15.32,18.24,28.6,45.64,30010,31860,37940,59490,94920,,
213770,47380,"Waco, TX",4,TX,000000,Cross-industry,cross-industry,1235,00-0000,All Occupations,total,123460,0,1000,1,,,24.39,50730,0.5,10.7,13.8,18.79,28.65,42.74,22250,28710,39070,59600,88890,,
213771,47460,"Walla Walla, WA",4,WA,000000,Cross-industry,cross-industry,1235,00-0000,All Occupations,total,27150,0.1,1000,1,,,27.4,56990,0.4,15.07,17.27,22.23,32.37,47.23,31350,35930,46230,67330,98240,,
213772,47580,"Warner Robins, GA",4,GA,000000,Cross-industry,cross-industry,1235,00-0000,All Occupations,total,75380,0,1000,1,,,25.29,52600,0.5,10.43,13.66,20.76,31.83,45.78,21690,28410,43180,66210,95220,,
213773,47900,"Washington-Arlington-Alexandria, DC-VA-MD-WV",4,DC,000000,Cross-industry,cross-industry,1235,00-0000,All Occupations,total,3027490,0,1000,1,,,40.34,83900,0.4,14.84,18.67,30.43,51.35,78.69,30860,38840,63300,106810,163670,,
213774,47940,"Waterloo-Cedar Falls, IA",4,IA,000000,Cross-industry,cross-industry,1235,00-0000,All Occupations,total,84350,0,1000,1,,,25.58,53200,0.6,12.01,15,20.63,30.03,44.98,24980,31200,42920,62460,93560,,
213775,48060,"Watertown-Fort Drum, NY",4,NY,000000,Cross-industry,cross-industry,1235,00-0000,All Occupations,total,38420,0.1,1000,1,,,24.88,51750,0.5,13.45,14.7,19.35,28.88,40.86,27980,30570,40250,60070,84980,,
213776,48140,"Wausau, WI",4,WI,000000,Cross-industry,cross-industry,1235,00-0000,All Occupations,total,69270,0,1000,1,,,26.25,54600,0.6,13.07,16.43,21.74,29.93,41,27190,34170,45220,62250,85280,,
213777,48260,"Weirton-Steubenville, WV-OH",4,WV,000000,Cross-industry,cross-industry,1235,00-0000,All Occupations,total,36700,0,1000,1,,,24.19,50320,0.6,10.73,13.58,19.01,28.87,39.77,22310,28250,39540,60040,82710,,
213778,48300,"Wenatchee, WA",4,WA,000000,Cross-industry,cross-industry,1235,00-0000,All Occupations,total,48240,0,1000,1,,,26.65,55430,0.5,14.93,16.67,20.87,30.59,46.83,31040,34660,43400,63630,97410,,
213779,48540,"Wheeling, WV-OH",4,WV,000000,Cross-industry,cross-industry,1235,00-0000,All Occupations,total,58400,0,1000,1,,,23.35,48570,0.5,10.58,13.35,18.06,28.14,39.59,22010,27780,37550,58530,82350,,
213780,48620,"Wichita, KS",4,KS,000000,Cross-industry,cross-industry,1235,00-0000,All Occupations,total,296150,0,1000,1,,,25.04,52080,0.4,11.01,14.25,19.92,29.95,42.43,22910,29640,41430,62290,88260,,
213781,48660,"Wichita Falls, TX",4,TX,000000,Cross-industry,cross-industry,1235,00-0000,All Occupations,total,55810,0,1000,1,,,22.06,45880,0.8,10.03,12.79,17.46,26.65,37.95,20860,26600,36320,55430,78940,,
213782,48700,"Williamsport, PA",4,PA,000000,Cross-industry,cross-industry,1235,00-0000,All Occupations,total,48520,0,1000,1,,,24.51,50970,0.5,11.24,14.38,19.49,28.98,40.37,23370,29920,40540,60280,83960,,
213783,48900,"Wilmington, NC",4,NC,000000,Cross-industry,cross-industry,1235,00-0000,All Occupations,total,136760,0,1000,1,,,24.95,51890,0.5,10.66,13.79,18.9,29.01,44.51,22160,28680,39320,60330,92580,,
213784,49020,"Winchester, VA-WV",4,VA,000000,Cross-industry,cross-industry,1235,00-0000,All Occupations,total,63690,0,1000,1,,,26.07,54230,0.6,11.83,14.89,20.94,29.65,45.8,24610,30980,43550,61670,95270,,
213785,49180,"Winston-Salem, NC",4,NC,000000,Cross-industry,cross-industry,1235,00-0000,All Occupations,total,267360,0,1000,1,,,26.14,54360,0.3,10.88,14.17,19.13,29.6,47.04,22640,29480,39790,61570,97850,,
213786,49420,"Yakima, WA",4,WA,000000,Cross-industry,cross-industry,1235,00-0000,All Occupations,total,95460,0,1000,1,,,25.34,52700,0.6,14.77,16.7,20.18,28.81,41.35,30730,34730,41980,59930,86010,,
213787,49620,"York-Hanover, PA",4,PA,000000,Cross-industry,cross-industry,1235,00-0000,All Occupations,total,178050,0,1000,1,,,25.65,53350,0.5,11.75,15.11,20.98,29.85,44.16,24440,31420,43650,62080,91850,,
213788,49660,"Youngstown-Warren-Boardman, OH-PA",4,OH,000000,Cross-industry,cross-industry,1235,00-0000,All Occupations,total,199600,0,1000,1,,,22.73,47280,0.4,10.66,13.4,17.96,27.38,37.37,22180,27870,37350,56950,77720,,
213789,49700,"Yuba City, CA",4,CA,000000,Cross-industry,cross-industry,1235,00-0000,All Occupations,total,49480,0.1,1000,1,,,28.31,58890,0.7,14.63,16.33,21.5,32.6,50.46,30440,33960,44720,67810,104950,,
213790,49740,"Yuma, AZ",4,AZ,000000,Cross-industry,cross-industry,1235,00-0000,All Occupations,total,67550,0,1000,1,,,23.32,48500,0.4,13.21,14.25,17.87,26.47,39.26,27480,29640,37170,55050,81660,,
213791,70750,"Bangor, ME",4,ME,000000,Cross-industry,cross-industry,1235,00-0000,All Occupations,total,64620,0,1000,1,,,26.89,55930,0.5,14.1,16.24,21.21,30,42.97,29320,33780,44120,62390,89370,,
213792,70900,"Barnstable Town, MA",4,MA,000000,Cross-industry,cross-industry,1235,00-0000,All Occupations,total,100180,0.1,1000,1,,,29.92,62240,0.5,15.38,17.39,23.31,35.81,49.98,32000,36180,48480,74490,103950,,
213793,71650,"Boston-Cambridge-Nashua, MA-NH",4,MA,000000,Cross-industry,cross-industry,1235,00-0000,All Occupations,total,2703870,0,1000,1,,,38.85,80810,0.6,16.24,18.9,29.37,48.04,72.71,33780,39320,61090,99930,151240,,
213794,71950,"Bridgeport-Stamford-Norwalk, CT",4,CT,000000,Cross-industry,cross-industry,1235,00-0000,All Occupations,total,393430,0,1000,1,,,36.74,76410,1.2,14.55,17.7,27.07,45.43,67.16,30270,36810,56300,94500,139680,,
213795,72400,"Burlington-South Burlington, VT",4,VT,000000,Cross-industry,cross-industry,1235,00-0000,All Occupations,total,117480,0,1000,1,,,30.38,63180,0.6,14.65,17.92,23.95,36.46,50.21,30470,37260,49810,75840,104440,,
213796,72850,"Danbury, CT",4,CT,000000,Cross-industry,cross-industry,1235,00-0000,All Occupations,total,74730,0,1000,1,,,31.02,64530,0.8,13.89,16.75,23.3,37.13,52.75,28890,34840,48470,77230,109710,,
213797,73050,"Dover-Durham, NH-ME",4,NH,000000,Cross-industry,cross-industry,1235,00-0000,All Occupations,total,50320,0,1000,1,,,28.52,59320,0.6,13.15,16.16,22.23,32.83,49.5,27350,33610,46240,68280,102950,,
213798,73450,"Hartford-West Hartford-East Hartford, CT",4,CT,000000,Cross-industry,cross-industry,1235,00-0000,All Occupations,total,556860,0,1000,1,,,33.19,69040,0.3,14.18,17.45,25.47,39.69,60.26,29490,36290,52980,82550,125350,,
213799,74500,"Leominster-Gardner, MA",4,MA,000000,Cross-industry,cross-industry,1235,00-0000,All Occupations,total,50770,0,1000,1,,,28.08,58410,0.7,14.75,16.85,22.03,32.12,48.21,30690,35050,45820,66820,100280,,
213800,74650,"Lewiston-Auburn, ME",4,ME,000000,Cross-industry,cross-industry,1235,00-0000,All Occupations,total,47300,0.1,1000,1,,,25.89,53860,0.7,14.14,16.27,20.91,29.06,39.85,29400,33840,43480,60440,82880,,
213801,74950,"Manchester, NH",4,NH,000000,Cross-industry,cross-industry,1235,00-0000,All Occupations,total,106580,0,1000,1,,,30.2,62810,0.7,13.72,17.13,23.26,35.98,51,28540,35630,48380,74840,106080,,
213802,75550,"New Bedford, MA",4,MA,000000,Cross-industry,cross-industry,1235,00-0000,All Occupations,total,65150,0,1000,1,,,27.38,56940,0.8,14.61,16.38,21.56,30.82,47.37,30390,34080,44850,64110,98530,,
213803,75700,"New Haven, CT",4,CT,000000,Cross-industry,cross-industry,1235,00-0000,All Occupations,total,287010,0,1000,1,,,32.23,67030,0.3,14.2,17.31,24.17,38.64,57.08,29540,36000,50270,80380,118720,,
213804,76450,"Norwich-New London-Westerly, CT-RI",4,CT,000000,Cross-industry,cross-industry,1235,00-0000,All Occupations,total,119780,0,1000,1,,,30.7,63850,0.4,13.78,16.53,23.73,38.12,52.48,28660,34380,49360,79290,109150,,
213805,76600,"Pittsfield, MA",4,MA,000000,Cross-industry,cross-industry,1235,00-0000,All Occupations,total,38030,0.1,1000,1,,,29.12,60580,0.6,14.72,16.94,22.51,35.05,49.03,30620,35240,46810,72900,101980,,
213806,76750,"Portland-South Portland, ME",4,ME,000000,Cross-industry,cross-industry,1235,00-0000,All Occupations,total,203500,0,1000,1,,,28.81,59920,0.6,14.66,17.61,23.04,32.63,48.49,30500,36640,47930,67880,100870,,
213807,76900,"Portsmouth, NH-ME",4,NH,000000,Cross-industry,cross-industry,1235,00-0000,All Occupations,total,90460,0,1000,1,,,31.5,65510,0.5,14.03,17.44,24.01,37.72,54.01,29170,36270,49930,78450,112330,,
213808,77200,"Providence-Warwick, RI-MA",4,RI,000000,Cross-industry,cross-industry,1235,00-0000,All Occupations,total,560530,0,1000,1,,,30.12,62640,0.4,13.97,16.86,23.17,36.91,51.29,29060,35060,48190,76770,106690,,
213809,78100,"Springfield, MA-CT",4,MA,000000,Cross-industry,cross-industry,1235,00-0000,All Occupations,total,318670,0,1000,1,,,29.5,61350,0.3,14.81,16.81,22.93,35.66,49.83,30790,34970,47690,74180,103650,,
213810,78700,"Waterbury, CT",4,CT,000000,Cross-industry,cross-industry,1235,00-0000,All Occupations,total,65930,0.1,1000,1,,,28.44,59160,0.4,13.72,16.24,22.3,34.13,48.03,28540,33770,46370,70980,99900,,
213811,79600,"Worcester, MA-CT",4,MA,000000,Cross-industry,cross-industry,1235,00-0000,All Occupations,total,282810,0,1000,1,,,31.07,64630,0.4,14.93,17.3,23.46,37.33,54.92,31050,35970,48800,77650,114220,,
